index,wife_age,wife_education,husband_education,number_of_children_ever_born,wife_religion,wife_now_working,husband_occupation,standard_of_living_index,media_exposure,contraceptive_method_used
0,24.0,2.0,3.0,3.0,1.0,1.0,2.0,3.0,0.0,1
1,45.0,1.0,3.0,,1.0,1.0,3.0,4.0,0.0,1
2,43.0,2.0,3.0,7.0,1.0,1.0,3.0,4.0,,1
3,42.0,3.0,2.0,9.0,1.0,1.0,,3.0,0.0,1
4,36.0,3.0,3.0,8.0,1.0,,3.0,2.0,0.0,1
5,19.0,4.0,4.0,,1.0,1.0,3.0,3.0,0.0,1
6,38.0,2.0,3.0,6.0,1.0,1.0,3.0,2.0,,1
7,21.0,3.0,3.0,1.0,1.0,0.0,3.0,2.0,0.0,1
8,27.0,2.0,3.0,3.0,1.0,1.0,3.0,4.0,0.0,1
9,45.0,1.0,1.0,,1.0,1.0,2.0,2.0,1.0,1
10,38.0,1.0,3.0,2.0,1.0,0.0,3.0,3.0,1.0,1
11,42.0,1.0,4.0,,1.0,,1.0,3.0,,1
12,44.0,4.0,4.0,1.0,1.0,,,4.0,0.0,1
13,42.0,2.0,4.0,1.0,1.0,0.0,3.0,3.0,0.0,1
14,38.0,3.0,4.0,2.0,1.0,1.0,2.0,3.0,0.0,1
15,,2.0,4.0,0.0,1.0,1.0,,1.0,0.0,1
16,48.0,1.0,1.0,7.0,1.0,1.0,2.0,4.0,0.0,1
17,39.0,2.0,2.0,6.0,1.0,,2.0,4.0,0.0,1
18,37.0,2.0,2.0,8.0,1.0,,2.0,3.0,0.0,1
19,39.0,2.0,1.0,5.0,1.0,1.0,2.0,1.0,1.0,1
20,26.0,3.0,,1.0,1.0,,4.0,,0.0,1
21,24.0,3.0,4.0,0.0,,0.0,3.0,1.0,0.0,1
22,46.0,4.0,4.0,1.0,0.0,1.0,1.0,,0.0,1
23,,4.0,4.0,1.0,,1.0,,4.0,0.0,1
24,48.0,4.0,4.0,5.0,1.0,1.0,,4.0,0.0,1
25,40.0,2.0,4.0,8.0,,1.0,3.0,3.0,0.0,1
26,38.0,4.0,4.0,1.0,1.0,0.0,,4.0,0.0,1
27,29.0,4.0,4.0,,1.0,0.0,1.0,4.0,0.0,1
28,24.0,4.0,4.0,0.0,1.0,0.0,2.0,,0.0,1
29,43.0,1.0,2.0,8.0,1.0,1.0,,4.0,0.0,1
30,31.0,3.0,,2.0,1.0,1.0,1.0,4.0,0.0,1
31,31.0,4.0,4.0,2.0,1.0,1.0,3.0,2.0,0.0,1
32,,,4.0,0.0,1.0,0.0,1.0,2.0,0.0,1
33,33.0,2.0,2.0,2.0,1.0,,,1.0,,1
34,24.0,2.0,3.0,1.0,1.0,1.0,,,0.0,1
35,42.0,1.0,3.0,9.0,1.0,,3.0,2.0,1.0,1
36,43.0,1.0,2.0,8.0,1.0,0.0,3.0,1.0,0.0,1
37,25.0,3.0,3.0,4.0,1.0,1.0,3.0,2.0,0.0,1
38,42.0,,,3.0,1.0,1.0,3.0,4.0,,1
39,28.0,2.0,2.0,1.0,1.0,1.0,2.0,4.0,0.0,1
40,,1.0,1.0,3.0,1.0,1.0,3.0,1.0,0.0,1
41,47.0,2.0,3.0,0.0,1.0,0.0,1.0,3.0,0.0,1
42,,2.0,4.0,2.0,1.0,1.0,1.0,3.0,0.0,1
43,40.0,4.0,4.0,2.0,0.0,1.0,1.0,4.0,0.0,1
44,28.0,2.0,2.0,,1.0,1.0,3.0,2.0,0.0,1
45,25.0,1.0,,1.0,,1.0,2.0,1.0,0.0,1
46,32.0,4.0,4.0,2.0,1.0,1.0,,3.0,0.0,1
47,45.0,4.0,4.0,0.0,1.0,1.0,2.0,4.0,0.0,1
48,26.0,4.0,4.0,1.0,,,1.0,4.0,0.0,1
49,26.0,4.0,,0.0,1.0,0.0,1.0,4.0,0.0,1
50,31.0,4.0,4.0,0.0,1.0,0.0,1.0,4.0,0.0,1
51,,4.0,4.0,7.0,0.0,1.0,2.0,,0.0,1
52,40.0,3.0,4.0,8.0,1.0,1.0,3.0,3.0,0.0,1
53,34.0,4.0,4.0,1.0,0.0,0.0,2.0,,0.0,1
54,,2.0,4.0,5.0,1.0,1.0,2.0,3.0,0.0,1
55,20.0,2.0,2.0,2.0,1.0,1.0,2.0,2.0,1.0,1
56,43.0,4.0,4.0,5.0,1.0,0.0,1.0,4.0,,1
57,37.0,3.0,4.0,7.0,1.0,1.0,,1.0,0.0,1
58,21.0,2.0,3.0,0.0,1.0,1.0,3.0,4.0,,1
59,49.0,4.0,4.0,6.0,1.0,1.0,1.0,2.0,0.0,1
60,42.0,3.0,3.0,10.0,,1.0,3.0,,0.0,1
61,20.0,2.0,3.0,1.0,1.0,,2.0,3.0,0.0,1
62,47.0,1.0,2.0,2.0,1.0,0.0,1.0,3.0,,1
63,22.0,2.0,3.0,1.0,1.0,1.0,,1.0,0.0,1
64,27.0,2.0,4.0,1.0,1.0,0.0,1.0,3.0,0.0,1
65,24.0,2.0,4.0,1.0,1.0,1.0,3.0,1.0,0.0,1
66,44.0,,2.0,8.0,1.0,1.0,3.0,3.0,,1
67,,2.0,3.0,3.0,1.0,1.0,3.0,1.0,0.0,1
68,23.0,3.0,,2.0,1.0,1.0,3.0,4.0,0.0,1
69,25.0,4.0,,1.0,1.0,0.0,3.0,3.0,0.0,1
70,47.0,2.0,3.0,4.0,1.0,,2.0,3.0,0.0,1
71,,2.0,3.0,8.0,1.0,1.0,1.0,4.0,0.0,1
72,29.0,2.0,,1.0,1.0,1.0,1.0,1.0,0.0,1
73,29.0,2.0,3.0,1.0,1.0,1.0,,2.0,0.0,1
74,,3.0,4.0,0.0,1.0,1.0,2.0,3.0,0.0,1
75,21.0,3.0,4.0,1.0,1.0,1.0,2.0,3.0,0.0,1
76,29.0,4.0,4.0,0.0,1.0,0.0,2.0,4.0,0.0,1
77,45.0,,4.0,3.0,1.0,1.0,1.0,,,1
78,33.0,2.0,3.0,2.0,1.0,,3.0,,0.0,1
79,38.0,4.0,4.0,1.0,1.0,0.0,1.0,4.0,0.0,1
80,24.0,4.0,,0.0,0.0,,1.0,4.0,0.0,1
81,49.0,4.0,4.0,6.0,0.0,0.0,1.0,4.0,0.0,1
82,24.0,2.0,4.0,1.0,1.0,0.0,4.0,4.0,0.0,1
83,28.0,4.0,4.0,0.0,0.0,0.0,,4.0,0.0,1
84,30.0,4.0,4.0,2.0,1.0,1.0,1.0,4.0,0.0,1
85,33.0,4.0,4.0,2.0,1.0,1.0,1.0,4.0,0.0,1
86,25.0,4.0,4.0,1.0,1.0,1.0,1.0,3.0,0.0,1
87,35.0,,4.0,3.0,0.0,1.0,1.0,4.0,0.0,1
88,27.0,2.0,4.0,4.0,1.0,1.0,,4.0,,1
89,24.0,2.0,2.0,3.0,1.0,0.0,2.0,1.0,0.0,1
90,25.0,2.0,3.0,0.0,1.0,1.0,2.0,1.0,0.0,1
91,46.0,2.0,4.0,6.0,1.0,1.0,1.0,,0.0,1
92,26.0,2.0,2.0,3.0,,1.0,2.0,1.0,0.0,1
93,38.0,2.0,2.0,1.0,1.0,0.0,3.0,,,1
94,47.0,1.0,2.0,,1.0,1.0,1.0,3.0,0.0,1
95,41.0,1.0,3.0,10.0,1.0,1.0,2.0,3.0,1.0,1
96,,2.0,3.0,1.0,1.0,0.0,2.0,3.0,0.0,1
97,28.0,4.0,,,1.0,1.0,,1.0,0.0,1
98,17.0,,2.0,3.0,1.0,1.0,,1.0,0.0,1
99,27.0,2.0,3.0,5.0,1.0,1.0,2.0,1.0,0.0,1
100,,1.0,2.0,4.0,1.0,1.0,3.0,1.0,1.0,1
101,19.0,2.0,3.0,0.0,1.0,0.0,2.0,2.0,0.0,1
102,27.0,2.0,4.0,3.0,,0.0,3.0,2.0,0.0,1
103,26.0,4.0,3.0,4.0,1.0,1.0,2.0,3.0,0.0,1
104,23.0,2.0,4.0,2.0,1.0,1.0,,3.0,0.0,1
105,40.0,3.0,3.0,3.0,,1.0,3.0,2.0,0.0,1
106,,4.0,,0.0,1.0,1.0,1.0,1.0,0.0,1
107,,3.0,4.0,4.0,1.0,0.0,1.0,3.0,0.0,1
108,29.0,2.0,,2.0,1.0,1.0,3.0,1.0,0.0,1
109,26.0,2.0,3.0,3.0,,1.0,3.0,1.0,0.0,1
110,45.0,4.0,4.0,1.0,1.0,0.0,3.0,3.0,0.0,1
111,32.0,3.0,3.0,7.0,1.0,,2.0,3.0,0.0,1
112,21.0,4.0,4.0,1.0,1.0,1.0,,4.0,0.0,1
113,31.0,2.0,2.0,4.0,1.0,1.0,3.0,3.0,0.0,1
114,21.0,3.0,4.0,0.0,1.0,1.0,1.0,3.0,0.0,1
115,37.0,4.0,4.0,1.0,1.0,1.0,1.0,4.0,0.0,1
116,34.0,4.0,4.0,3.0,0.0,,3.0,3.0,0.0,1
117,44.0,3.0,4.0,1.0,1.0,1.0,1.0,3.0,0.0,1
118,49.0,4.0,3.0,5.0,1.0,1.0,2.0,3.0,0.0,1
119,26.0,2.0,3.0,2.0,1.0,1.0,3.0,3.0,0.0,1
120,38.0,,2.0,1.0,1.0,,2.0,4.0,1.0,1
121,36.0,2.0,3.0,5.0,1.0,1.0,2.0,3.0,0.0,1
122,,3.0,4.0,2.0,1.0,1.0,3.0,3.0,0.0,1
123,20.0,2.0,3.0,1.0,0.0,1.0,3.0,2.0,0.0,1
124,44.0,2.0,1.0,3.0,1.0,,,2.0,0.0,1
125,31.0,3.0,4.0,2.0,1.0,1.0,1.0,2.0,1.0,1
126,45.0,4.0,4.0,1.0,1.0,1.0,1.0,,0.0,1
127,36.0,2.0,3.0,2.0,1.0,1.0,,2.0,1.0,1
128,43.0,1.0,3.0,,1.0,0.0,2.0,2.0,1.0,1
129,25.0,3.0,4.0,0.0,1.0,1.0,1.0,3.0,0.0,1
130,48.0,3.0,4.0,3.0,1.0,1.0,3.0,1.0,0.0,1
131,30.0,4.0,4.0,0.0,0.0,0.0,1.0,3.0,,1
132,48.0,1.0,2.0,8.0,1.0,1.0,3.0,1.0,0.0,1
133,28.0,3.0,4.0,1.0,1.0,1.0,3.0,1.0,1.0,1
134,,4.0,4.0,1.0,1.0,1.0,1.0,3.0,0.0,1
135,26.0,,3.0,3.0,1.0,0.0,2.0,4.0,0.0,1
136,24.0,4.0,4.0,2.0,1.0,,3.0,3.0,0.0,1
137,21.0,3.0,3.0,2.0,1.0,1.0,2.0,2.0,0.0,1
138,,4.0,4.0,2.0,0.0,1.0,3.0,1.0,0.0,1
139,20.0,4.0,4.0,1.0,1.0,1.0,1.0,4.0,0.0,1
140,33.0,4.0,4.0,2.0,1.0,,1.0,,0.0,1
141,30.0,4.0,4.0,0.0,0.0,,3.0,3.0,0.0,1
142,47.0,,,1.0,1.0,0.0,1.0,3.0,0.0,1
143,35.0,4.0,4.0,2.0,,1.0,,3.0,0.0,1
144,30.0,,,,1.0,1.0,3.0,4.0,0.0,1
145,,4.0,,3.0,1.0,1.0,1.0,4.0,0.0,1
146,,,4.0,4.0,,1.0,2.0,,0.0,1
147,41.0,4.0,4.0,2.0,,1.0,1.0,4.0,,1
148,32.0,4.0,4.0,1.0,1.0,0.0,1.0,3.0,,1
149,43.0,4.0,4.0,5.0,1.0,1.0,1.0,4.0,0.0,1
150,44.0,4.0,4.0,3.0,1.0,1.0,2.0,4.0,0.0,1
151,21.0,,3.0,4.0,1.0,1.0,3.0,2.0,0.0,1
152,44.0,3.0,,2.0,1.0,1.0,1.0,4.0,1.0,1
153,23.0,4.0,4.0,,1.0,1.0,2.0,4.0,0.0,1
154,47.0,1.0,2.0,4.0,1.0,1.0,2.0,2.0,0.0,1
155,,1.0,1.0,,1.0,1.0,2.0,3.0,1.0,1
156,35.0,4.0,4.0,2.0,,0.0,2.0,4.0,0.0,1
157,,2.0,4.0,4.0,1.0,1.0,3.0,2.0,0.0,1
158,45.0,1.0,4.0,5.0,1.0,1.0,1.0,2.0,1.0,1
159,22.0,2.0,2.0,2.0,1.0,1.0,3.0,1.0,0.0,1
160,23.0,1.0,1.0,3.0,,1.0,2.0,1.0,1.0,1
161,30.0,,,0.0,1.0,0.0,,4.0,0.0,1
162,44.0,1.0,3.0,0.0,1.0,1.0,2.0,3.0,,1
163,40.0,3.0,3.0,1.0,1.0,0.0,,3.0,0.0,1
164,34.0,4.0,,4.0,1.0,1.0,2.0,3.0,0.0,1
165,37.0,3.0,4.0,1.0,1.0,1.0,2.0,4.0,0.0,1
166,49.0,3.0,4.0,5.0,1.0,1.0,1.0,4.0,0.0,1
167,,4.0,4.0,1.0,1.0,1.0,1.0,4.0,0.0,1
168,22.0,,4.0,0.0,1.0,1.0,2.0,4.0,0.0,1
169,20.0,3.0,4.0,0.0,1.0,0.0,2.0,,0.0,1
170,47.0,4.0,4.0,4.0,,1.0,1.0,4.0,0.0,1
171,49.0,2.0,2.0,8.0,1.0,0.0,,1.0,0.0,1
172,22.0,2.0,4.0,1.0,1.0,,2.0,4.0,0.0,1
173,22.0,3.0,3.0,,1.0,1.0,,,0.0,1
174,25.0,3.0,2.0,2.0,1.0,1.0,3.0,2.0,,1
175,32.0,2.0,4.0,0.0,1.0,0.0,3.0,4.0,0.0,1
176,28.0,4.0,4.0,0.0,0.0,1.0,1.0,3.0,0.0,1
177,30.0,2.0,4.0,,1.0,0.0,1.0,4.0,0.0,1
178,45.0,2.0,4.0,2.0,1.0,0.0,2.0,,0.0,1
179,49.0,2.0,,10.0,1.0,0.0,2.0,4.0,0.0,1
180,34.0,4.0,4.0,2.0,1.0,0.0,,4.0,0.0,1
181,,,4.0,1.0,1.0,1.0,2.0,2.0,0.0,1
182,,1.0,3.0,12.0,1.0,1.0,3.0,3.0,0.0,1
183,48.0,,1.0,3.0,1.0,0.0,4.0,3.0,0.0,1
184,35.0,3.0,4.0,5.0,,0.0,,2.0,0.0,1
185,33.0,2.0,,,1.0,1.0,3.0,4.0,0.0,1
186,,2.0,4.0,0.0,1.0,1.0,,2.0,0.0,1
187,36.0,2.0,3.0,4.0,1.0,1.0,,1.0,1.0,1
188,19.0,3.0,3.0,2.0,1.0,1.0,,2.0,0.0,1
189,27.0,3.0,,3.0,1.0,1.0,3.0,2.0,0.0,1
190,30.0,,2.0,4.0,1.0,1.0,4.0,1.0,0.0,1
191,31.0,3.0,4.0,3.0,1.0,0.0,3.0,2.0,0.0,1
192,,,1.0,11.0,,1.0,,1.0,1.0,1
193,24.0,3.0,3.0,2.0,1.0,1.0,3.0,3.0,0.0,1
194,18.0,3.0,,0.0,1.0,0.0,3.0,1.0,0.0,1
195,45.0,1.0,,6.0,1.0,1.0,,3.0,,1
196,25.0,2.0,2.0,3.0,1.0,0.0,3.0,1.0,0.0,1
197,36.0,3.0,4.0,6.0,1.0,1.0,,4.0,0.0,1
198,30.0,1.0,1.0,5.0,1.0,1.0,,2.0,0.0,1
199,32.0,,4.0,2.0,1.0,1.0,3.0,3.0,0.0,1
200,42.0,1.0,4.0,,0.0,1.0,2.0,2.0,1.0,1
201,22.0,,4.0,0.0,1.0,1.0,3.0,3.0,0.0,1
202,36.0,2.0,4.0,2.0,1.0,,2.0,4.0,0.0,1
203,27.0,2.0,3.0,2.0,,1.0,3.0,3.0,0.0,1
204,40.0,3.0,4.0,1.0,1.0,1.0,1.0,2.0,,1
205,22.0,2.0,3.0,2.0,1.0,1.0,3.0,1.0,0.0,1
206,,2.0,4.0,0.0,,1.0,3.0,1.0,,1
207,31.0,3.0,4.0,0.0,1.0,0.0,2.0,3.0,0.0,1
208,32.0,4.0,4.0,1.0,1.0,1.0,1.0,4.0,,1
209,,2.0,3.0,3.0,1.0,0.0,3.0,2.0,0.0,1
210,40.0,3.0,3.0,1.0,0.0,1.0,3.0,4.0,0.0,1
211,45.0,1.0,2.0,1.0,1.0,,,3.0,0.0,1
212,26.0,3.0,,3.0,1.0,1.0,3.0,2.0,0.0,1
213,48.0,1.0,3.0,5.0,1.0,1.0,3.0,2.0,0.0,1
214,43.0,1.0,3.0,8.0,1.0,1.0,,1.0,0.0,1
215,,3.0,4.0,2.0,1.0,,2.0,2.0,0.0,1
216,42.0,3.0,2.0,,1.0,1.0,3.0,3.0,0.0,1
217,34.0,3.0,2.0,8.0,1.0,0.0,2.0,3.0,1.0,1
218,32.0,3.0,2.0,4.0,1.0,1.0,,2.0,1.0,1
219,31.0,3.0,3.0,2.0,1.0,0.0,2.0,3.0,0.0,1
220,22.0,,,1.0,1.0,1.0,3.0,3.0,0.0,1
221,27.0,3.0,,0.0,1.0,1.0,3.0,3.0,0.0,1
222,37.0,1.0,2.0,2.0,,1.0,2.0,2.0,1.0,1
223,22.0,1.0,2.0,0.0,1.0,1.0,,4.0,0.0,1
224,47.0,4.0,4.0,4.0,1.0,1.0,1.0,4.0,0.0,1
225,32.0,4.0,4.0,4.0,1.0,0.0,,3.0,0.0,1
226,37.0,3.0,3.0,2.0,1.0,1.0,1.0,4.0,0.0,1
227,45.0,1.0,3.0,1.0,1.0,,2.0,3.0,1.0,1
228,47.0,1.0,4.0,8.0,1.0,1.0,,3.0,0.0,1
229,28.0,,4.0,,1.0,1.0,3.0,2.0,0.0,1
230,48.0,1.0,3.0,4.0,1.0,1.0,3.0,4.0,1.0,1
231,26.0,2.0,4.0,1.0,1.0,1.0,1.0,3.0,0.0,1
232,21.0,3.0,4.0,0.0,1.0,0.0,3.0,1.0,,1
233,20.0,2.0,3.0,1.0,1.0,1.0,,4.0,0.0,1
234,39.0,1.0,1.0,5.0,1.0,0.0,3.0,1.0,1.0,1
235,27.0,2.0,3.0,1.0,1.0,0.0,3.0,4.0,0.0,1
236,37.0,2.0,3.0,5.0,1.0,0.0,3.0,2.0,0.0,1
237,24.0,4.0,4.0,1.0,1.0,1.0,3.0,3.0,0.0,1
238,39.0,3.0,3.0,6.0,1.0,,3.0,3.0,0.0,1
239,20.0,,,1.0,1.0,1.0,2.0,3.0,0.0,1
240,19.0,3.0,4.0,1.0,,1.0,2.0,3.0,0.0,1
241,40.0,3.0,,4.0,1.0,1.0,2.0,2.0,0.0,1
242,41.0,,4.0,4.0,1.0,1.0,3.0,3.0,,1
243,22.0,4.0,4.0,2.0,1.0,1.0,1.0,3.0,0.0,1
244,32.0,3.0,4.0,4.0,1.0,1.0,1.0,4.0,0.0,1
245,34.0,4.0,4.0,2.0,0.0,1.0,1.0,4.0,0.0,1
246,34.0,4.0,4.0,2.0,,0.0,1.0,3.0,0.0,1
247,23.0,4.0,4.0,2.0,1.0,1.0,1.0,4.0,0.0,1
248,27.0,4.0,4.0,1.0,1.0,1.0,1.0,2.0,0.0,1
249,46.0,3.0,2.0,11.0,1.0,0.0,,2.0,1.0,1
250,34.0,4.0,4.0,3.0,0.0,1.0,1.0,2.0,0.0,1
251,33.0,4.0,4.0,5.0,1.0,1.0,3.0,3.0,0.0,1
252,25.0,,3.0,1.0,1.0,1.0,3.0,2.0,0.0,1
253,26.0,4.0,4.0,1.0,1.0,0.0,1.0,4.0,0.0,1
254,48.0,1.0,3.0,4.0,1.0,,3.0,,1.0,1
255,36.0,4.0,4.0,2.0,1.0,1.0,,3.0,0.0,1
256,38.0,3.0,4.0,2.0,0.0,1.0,2.0,4.0,0.0,1
257,,,2.0,7.0,,1.0,3.0,,,1
258,44.0,2.0,2.0,1.0,1.0,0.0,3.0,2.0,0.0,1
259,39.0,3.0,3.0,1.0,,1.0,3.0,4.0,0.0,1
260,47.0,1.0,2.0,,1.0,0.0,3.0,2.0,,1
261,43.0,1.0,3.0,5.0,1.0,0.0,3.0,2.0,0.0,1
262,29.0,3.0,3.0,3.0,1.0,0.0,2.0,4.0,0.0,1
263,22.0,3.0,3.0,0.0,1.0,,2.0,2.0,,1
264,31.0,2.0,4.0,5.0,1.0,,3.0,2.0,0.0,1
265,22.0,4.0,4.0,0.0,1.0,1.0,1.0,3.0,0.0,1
266,45.0,,4.0,6.0,1.0,1.0,2.0,4.0,0.0,1
267,42.0,3.0,4.0,10.0,1.0,0.0,3.0,2.0,0.0,1
268,,3.0,3.0,7.0,1.0,1.0,3.0,1.0,0.0,1
269,47.0,1.0,1.0,6.0,1.0,0.0,3.0,1.0,,1
270,30.0,4.0,4.0,2.0,1.0,1.0,1.0,,,1
271,28.0,3.0,,1.0,,1.0,3.0,4.0,,1
272,25.0,3.0,4.0,1.0,1.0,1.0,2.0,1.0,0.0,1
273,49.0,2.0,4.0,,0.0,1.0,2.0,3.0,0.0,1
274,23.0,3.0,4.0,,1.0,0.0,2.0,3.0,0.0,1
275,35.0,3.0,4.0,1.0,0.0,1.0,2.0,3.0,,1
276,,2.0,1.0,5.0,0.0,1.0,2.0,4.0,0.0,1
277,35.0,2.0,3.0,0.0,1.0,1.0,2.0,4.0,0.0,1
278,44.0,3.0,4.0,6.0,1.0,1.0,3.0,4.0,0.0,1
279,,4.0,4.0,3.0,1.0,1.0,,4.0,0.0,1
280,43.0,2.0,3.0,6.0,1.0,0.0,3.0,3.0,0.0,1
281,21.0,2.0,4.0,2.0,1.0,1.0,3.0,1.0,0.0,1
282,22.0,4.0,4.0,0.0,1.0,1.0,1.0,4.0,0.0,1
283,41.0,3.0,3.0,5.0,1.0,1.0,3.0,4.0,0.0,1
284,,2.0,4.0,2.0,,0.0,4.0,4.0,1.0,1
285,,4.0,4.0,5.0,0.0,1.0,2.0,,,1
286,22.0,4.0,4.0,0.0,,0.0,1.0,4.0,0.0,1
287,23.0,2.0,4.0,4.0,,1.0,3.0,3.0,0.0,1
288,22.0,2.0,1.0,0.0,1.0,1.0,,2.0,0.0,1
289,35.0,,,0.0,1.0,1.0,2.0,2.0,1.0,1
290,24.0,4.0,4.0,1.0,1.0,1.0,2.0,2.0,0.0,1
291,36.0,4.0,4.0,,,1.0,1.0,4.0,,1
292,47.0,,2.0,2.0,1.0,1.0,,4.0,0.0,1
293,40.0,4.0,4.0,3.0,1.0,1.0,3.0,,0.0,1
294,29.0,4.0,4.0,1.0,1.0,,,3.0,0.0,1
295,49.0,3.0,4.0,,,1.0,1.0,4.0,0.0,1
296,49.0,3.0,4.0,9.0,1.0,1.0,1.0,,0.0,1
297,47.0,4.0,4.0,,1.0,1.0,1.0,4.0,0.0,1
298,28.0,4.0,,3.0,0.0,1.0,1.0,4.0,0.0,1
299,26.0,4.0,4.0,1.0,,1.0,1.0,4.0,0.0,1
300,29.0,1.0,,7.0,1.0,1.0,2.0,4.0,0.0,1
301,29.0,4.0,,,1.0,0.0,2.0,2.0,0.0,1
302,25.0,3.0,3.0,1.0,1.0,1.0,3.0,,0.0,1
303,,2.0,4.0,2.0,1.0,1.0,3.0,4.0,,1
304,23.0,4.0,4.0,1.0,1.0,,2.0,4.0,,1
305,23.0,4.0,4.0,2.0,1.0,,3.0,3.0,0.0,1
306,44.0,1.0,2.0,2.0,,1.0,2.0,4.0,0.0,1
307,39.0,3.0,4.0,6.0,1.0,1.0,1.0,4.0,0.0,1
308,21.0,3.0,3.0,,1.0,1.0,2.0,2.0,0.0,1
309,22.0,3.0,4.0,2.0,1.0,1.0,2.0,3.0,0.0,1
310,47.0,3.0,4.0,3.0,1.0,1.0,2.0,3.0,0.0,1
311,36.0,3.0,3.0,2.0,1.0,0.0,2.0,4.0,0.0,1
312,25.0,1.0,,2.0,1.0,0.0,3.0,3.0,1.0,1
313,40.0,4.0,,,,1.0,3.0,,0.0,1
314,36.0,2.0,2.0,0.0,0.0,0.0,,3.0,0.0,1
315,37.0,2.0,3.0,5.0,0.0,0.0,2.0,4.0,0.0,1
316,28.0,1.0,4.0,2.0,1.0,0.0,2.0,3.0,0.0,1
317,30.0,3.0,3.0,5.0,1.0,0.0,,4.0,0.0,1
318,16.0,3.0,4.0,1.0,1.0,1.0,3.0,3.0,0.0,1
319,32.0,2.0,3.0,4.0,0.0,1.0,2.0,4.0,0.0,1
320,40.0,4.0,4.0,3.0,0.0,1.0,3.0,4.0,0.0,1
321,40.0,1.0,1.0,2.0,1.0,0.0,,4.0,0.0,1
322,45.0,3.0,4.0,2.0,0.0,1.0,1.0,4.0,0.0,1
323,21.0,,3.0,0.0,1.0,,3.0,4.0,1.0,1
324,28.0,4.0,4.0,1.0,0.0,1.0,1.0,3.0,,1
325,25.0,4.0,4.0,1.0,0.0,1.0,2.0,3.0,0.0,1
326,44.0,,3.0,4.0,1.0,,3.0,3.0,1.0,1
327,35.0,4.0,4.0,2.0,,1.0,3.0,4.0,0.0,1
328,49.0,4.0,4.0,4.0,,1.0,3.0,4.0,0.0,1
329,39.0,3.0,4.0,1.0,0.0,,3.0,4.0,0.0,1
330,32.0,3.0,4.0,1.0,0.0,1.0,,4.0,0.0,1
331,,1.0,2.0,0.0,1.0,0.0,4.0,4.0,0.0,1
332,21.0,1.0,2.0,1.0,1.0,,3.0,4.0,0.0,1
333,47.0,4.0,4.0,1.0,0.0,,1.0,4.0,0.0,1
334,27.0,4.0,4.0,,0.0,1.0,3.0,4.0,0.0,1
335,31.0,,2.0,8.0,1.0,1.0,2.0,2.0,1.0,1
336,34.0,4.0,3.0,0.0,0.0,0.0,3.0,,0.0,1
337,30.0,,4.0,3.0,1.0,0.0,2.0,4.0,0.0,1
338,25.0,4.0,,0.0,1.0,0.0,2.0,4.0,0.0,1
339,28.0,3.0,4.0,3.0,1.0,1.0,2.0,1.0,0.0,1
340,30.0,2.0,3.0,4.0,1.0,0.0,3.0,2.0,0.0,1
341,42.0,3.0,3.0,,1.0,1.0,4.0,3.0,,1
342,23.0,4.0,4.0,,0.0,1.0,2.0,4.0,0.0,1
343,45.0,3.0,4.0,3.0,0.0,1.0,3.0,4.0,0.0,1
344,21.0,4.0,4.0,1.0,,1.0,3.0,3.0,0.0,1
345,28.0,,4.0,1.0,0.0,1.0,,4.0,0.0,1
346,,4.0,,1.0,0.0,0.0,3.0,4.0,0.0,1
347,32.0,1.0,2.0,4.0,1.0,1.0,,2.0,1.0,1
348,25.0,2.0,2.0,3.0,1.0,1.0,3.0,,,1
349,25.0,3.0,3.0,,1.0,1.0,3.0,1.0,0.0,1
350,19.0,,2.0,2.0,1.0,,3.0,1.0,0.0,1
351,40.0,1.0,2.0,6.0,1.0,1.0,3.0,1.0,1.0,1
352,,2.0,2.0,2.0,1.0,1.0,3.0,1.0,,1
353,32.0,2.0,2.0,1.0,1.0,1.0,2.0,1.0,0.0,1
354,35.0,,3.0,,1.0,1.0,3.0,2.0,0.0,1
355,27.0,2.0,2.0,1.0,1.0,0.0,3.0,2.0,1.0,1
356,23.0,2.0,4.0,2.0,1.0,1.0,1.0,4.0,0.0,1
357,22.0,2.0,4.0,4.0,1.0,1.0,3.0,4.0,0.0,1
358,49.0,2.0,3.0,,,1.0,1.0,2.0,0.0,1
359,25.0,2.0,3.0,0.0,1.0,1.0,,4.0,0.0,1
360,18.0,3.0,4.0,1.0,1.0,1.0,,1.0,0.0,1
361,43.0,3.0,3.0,4.0,1.0,1.0,2.0,4.0,0.0,1
362,37.0,1.0,3.0,0.0,1.0,1.0,3.0,4.0,0.0,1
363,30.0,,3.0,,1.0,0.0,,4.0,0.0,1
364,,3.0,2.0,0.0,1.0,1.0,2.0,2.0,0.0,1
365,20.0,2.0,3.0,3.0,1.0,1.0,3.0,4.0,0.0,1
366,42.0,3.0,3.0,3.0,1.0,0.0,2.0,4.0,0.0,1
367,23.0,4.0,,1.0,1.0,1.0,2.0,3.0,,1
368,,2.0,3.0,,1.0,0.0,3.0,3.0,0.0,1
369,23.0,3.0,3.0,6.0,1.0,1.0,3.0,,0.0,1
370,38.0,3.0,3.0,5.0,1.0,1.0,1.0,4.0,0.0,1
371,37.0,2.0,3.0,4.0,1.0,1.0,2.0,3.0,,1
372,17.0,2.0,3.0,1.0,1.0,1.0,3.0,2.0,0.0,1
373,39.0,3.0,4.0,3.0,1.0,1.0,1.0,4.0,0.0,1
374,49.0,,3.0,0.0,,1.0,3.0,3.0,1.0,1
375,23.0,3.0,3.0,2.0,1.0,1.0,2.0,2.0,0.0,1
376,40.0,3.0,3.0,3.0,,1.0,2.0,2.0,1.0,1
377,32.0,2.0,4.0,5.0,1.0,1.0,2.0,3.0,0.0,1
378,18.0,2.0,3.0,1.0,1.0,1.0,2.0,3.0,0.0,1
379,,1.0,2.0,8.0,1.0,1.0,3.0,3.0,1.0,1
380,,3.0,3.0,6.0,1.0,1.0,2.0,2.0,0.0,1
381,38.0,2.0,,5.0,0.0,,2.0,,0.0,1
382,,,3.0,2.0,0.0,0.0,3.0,3.0,0.0,1
383,,2.0,3.0,1.0,1.0,0.0,,1.0,0.0,1
384,38.0,2.0,4.0,5.0,1.0,1.0,3.0,3.0,0.0,1
385,39.0,4.0,4.0,2.0,1.0,0.0,,4.0,0.0,1
386,44.0,4.0,4.0,3.0,1.0,0.0,1.0,4.0,1.0,1
387,,4.0,4.0,,,1.0,3.0,4.0,0.0,1
388,28.0,2.0,4.0,,,0.0,3.0,4.0,0.0,1
389,20.0,2.0,3.0,1.0,1.0,1.0,,4.0,0.0,1
390,33.0,4.0,4.0,0.0,1.0,0.0,3.0,3.0,0.0,1
391,33.0,4.0,4.0,5.0,1.0,1.0,3.0,4.0,,1
392,47.0,1.0,4.0,6.0,1.0,1.0,1.0,4.0,0.0,1
393,25.0,3.0,,,1.0,1.0,3.0,4.0,0.0,1
394,29.0,4.0,4.0,0.0,1.0,0.0,2.0,4.0,0.0,1
395,37.0,4.0,4.0,2.0,0.0,,1.0,,0.0,1
396,49.0,1.0,3.0,6.0,1.0,1.0,2.0,4.0,0.0,1
397,48.0,1.0,1.0,8.0,1.0,0.0,2.0,2.0,1.0,1
398,19.0,2.0,,0.0,1.0,1.0,2.0,2.0,0.0,1
399,46.0,1.0,2.0,3.0,1.0,,2.0,1.0,1.0,1
400,,1.0,2.0,2.0,1.0,1.0,,,1.0,1
401,30.0,3.0,4.0,5.0,1.0,1.0,1.0,4.0,0.0,1
402,40.0,2.0,2.0,,1.0,1.0,2.0,2.0,0.0,1
403,43.0,1.0,,1.0,1.0,1.0,3.0,4.0,1.0,1
404,29.0,3.0,4.0,4.0,1.0,,,,0.0,1
405,23.0,3.0,3.0,2.0,,,,3.0,0.0,1
406,24.0,2.0,,3.0,,1.0,2.0,4.0,0.0,1
407,47.0,3.0,3.0,2.0,1.0,1.0,2.0,4.0,0.0,1
408,35.0,3.0,3.0,2.0,1.0,0.0,2.0,2.0,0.0,1
409,19.0,3.0,3.0,,1.0,,2.0,4.0,0.0,1
410,45.0,2.0,3.0,,1.0,0.0,2.0,4.0,0.0,1
411,42.0,2.0,4.0,2.0,1.0,1.0,3.0,4.0,0.0,1
412,47.0,1.0,1.0,1.0,1.0,1.0,3.0,,0.0,1
413,25.0,2.0,,2.0,1.0,1.0,3.0,,,1
414,20.0,2.0,3.0,3.0,,,3.0,4.0,0.0,1
415,33.0,3.0,3.0,6.0,1.0,1.0,3.0,4.0,0.0,2
416,46.0,4.0,3.0,5.0,,1.0,1.0,4.0,0.0,2
417,35.0,,4.0,4.0,,1.0,1.0,4.0,0.0,2
418,26.0,4.0,4.0,2.0,1.0,0.0,,4.0,,2
419,36.0,3.0,3.0,5.0,1.0,0.0,1.0,3.0,0.0,2
420,37.0,,4.0,3.0,1.0,,1.0,3.0,0.0,2
421,44.0,2.0,4.0,4.0,1.0,1.0,3.0,3.0,0.0,2
422,32.0,4.0,4.0,2.0,,1.0,1.0,4.0,0.0,2
423,25.0,2.0,4.0,6.0,1.0,1.0,3.0,4.0,0.0,2
424,42.0,2.0,3.0,7.0,1.0,1.0,3.0,4.0,0.0,2
425,30.0,4.0,4.0,2.0,0.0,0.0,1.0,4.0,0.0,2
426,39.0,4.0,4.0,4.0,1.0,1.0,1.0,4.0,0.0,2
427,,1.0,1.0,2.0,1.0,1.0,3.0,4.0,0.0,2
428,30.0,2.0,4.0,,1.0,1.0,3.0,4.0,,2
429,38.0,4.0,,4.0,0.0,0.0,1.0,2.0,0.0,2
430,23.0,,,1.0,1.0,1.0,,2.0,0.0,2
431,18.0,3.0,4.0,1.0,1.0,1.0,3.0,4.0,0.0,2
432,25.0,3.0,4.0,3.0,1.0,,2.0,3.0,0.0,2
433,37.0,4.0,4.0,2.0,1.0,0.0,3.0,3.0,0.0,2
434,20.0,,4.0,1.0,1.0,1.0,3.0,2.0,0.0,2
435,45.0,4.0,4.0,,,1.0,1.0,4.0,0.0,2
436,28.0,2.0,1.0,2.0,,0.0,3.0,3.0,,2
437,33.0,2.0,2.0,3.0,1.0,1.0,2.0,3.0,0.0,2
438,28.0,2.0,3.0,2.0,1.0,1.0,3.0,3.0,0.0,2
439,30.0,2.0,,1.0,1.0,0.0,3.0,4.0,0.0,2
440,32.0,4.0,,4.0,1.0,1.0,2.0,4.0,0.0,2
441,48.0,4.0,3.0,7.0,1.0,0.0,,4.0,0.0,2
442,46.0,4.0,4.0,2.0,1.0,0.0,1.0,,0.0,2
443,32.0,4.0,4.0,2.0,,0.0,1.0,4.0,0.0,2
444,49.0,4.0,,10.0,1.0,1.0,1.0,4.0,0.0,2
445,33.0,2.0,2.0,6.0,1.0,0.0,3.0,4.0,0.0,2
446,39.0,4.0,4.0,3.0,1.0,1.0,1.0,4.0,,2
447,35.0,4.0,4.0,,0.0,0.0,1.0,4.0,0.0,2
448,36.0,4.0,4.0,3.0,0.0,1.0,1.0,3.0,0.0,2
449,20.0,3.0,4.0,1.0,1.0,1.0,2.0,,0.0,2
450,,4.0,4.0,,1.0,1.0,,4.0,0.0,2
451,26.0,2.0,4.0,2.0,1.0,1.0,1.0,3.0,0.0,2
452,25.0,3.0,3.0,1.0,1.0,1.0,3.0,1.0,0.0,2
453,31.0,4.0,4.0,,1.0,,1.0,4.0,0.0,2
454,36.0,4.0,4.0,2.0,1.0,1.0,2.0,,0.0,2
455,32.0,3.0,3.0,,1.0,0.0,3.0,4.0,0.0,2
456,36.0,4.0,4.0,,1.0,,1.0,4.0,0.0,2
457,40.0,4.0,4.0,,1.0,1.0,1.0,4.0,0.0,2
458,,4.0,4.0,4.0,1.0,1.0,1.0,4.0,0.0,2
459,,4.0,4.0,8.0,0.0,1.0,1.0,4.0,0.0,2
460,39.0,4.0,4.0,4.0,1.0,0.0,1.0,4.0,0.0,2
461,34.0,4.0,,2.0,1.0,1.0,1.0,4.0,0.0,2
462,36.0,,4.0,3.0,1.0,1.0,1.0,4.0,0.0,2
463,37.0,4.0,4.0,3.0,1.0,1.0,1.0,4.0,0.0,2
464,36.0,4.0,4.0,4.0,0.0,1.0,1.0,,0.0,2
465,38.0,,4.0,2.0,1.0,1.0,1.0,4.0,0.0,2
466,27.0,3.0,3.0,1.0,0.0,,2.0,4.0,0.0,2
467,37.0,4.0,,8.0,1.0,1.0,1.0,4.0,0.0,2
468,24.0,1.0,4.0,1.0,1.0,0.0,4.0,2.0,1.0,2
469,,2.0,4.0,8.0,1.0,1.0,,4.0,0.0,2
470,31.0,,4.0,3.0,0.0,0.0,4.0,4.0,0.0,2
471,34.0,2.0,3.0,,1.0,,3.0,3.0,0.0,2
472,34.0,4.0,4.0,,1.0,1.0,3.0,3.0,0.0,2
473,36.0,,4.0,4.0,0.0,0.0,1.0,4.0,0.0,2
474,47.0,4.0,4.0,8.0,,1.0,1.0,4.0,0.0,2
475,34.0,4.0,4.0,3.0,1.0,1.0,,4.0,0.0,2
476,44.0,4.0,4.0,6.0,0.0,1.0,1.0,3.0,0.0,2
477,21.0,4.0,4.0,1.0,1.0,1.0,1.0,4.0,0.0,2
478,42.0,4.0,4.0,6.0,1.0,1.0,,3.0,0.0,2
479,44.0,4.0,4.0,4.0,1.0,0.0,2.0,3.0,0.0,2
480,19.0,4.0,4.0,1.0,1.0,1.0,2.0,3.0,0.0,2
481,35.0,,3.0,7.0,1.0,0.0,2.0,3.0,1.0,2
482,24.0,4.0,4.0,1.0,1.0,1.0,3.0,,0.0,2
483,32.0,3.0,4.0,7.0,0.0,1.0,1.0,3.0,,2
484,31.0,3.0,3.0,2.0,,0.0,3.0,3.0,0.0,2
485,47.0,3.0,4.0,11.0,1.0,,2.0,3.0,0.0,2
486,38.0,4.0,4.0,6.0,1.0,,3.0,3.0,,2
487,40.0,4.0,4.0,4.0,1.0,1.0,1.0,3.0,0.0,2
488,35.0,3.0,3.0,4.0,1.0,1.0,3.0,2.0,0.0,2
489,26.0,,4.0,3.0,1.0,1.0,3.0,4.0,,2
490,23.0,4.0,3.0,3.0,1.0,,3.0,3.0,0.0,2
491,40.0,4.0,4.0,6.0,0.0,0.0,1.0,,0.0,2
492,37.0,4.0,4.0,3.0,1.0,,1.0,4.0,,2
493,39.0,4.0,4.0,5.0,1.0,1.0,2.0,4.0,0.0,2
494,25.0,4.0,4.0,2.0,,1.0,2.0,4.0,0.0,2
495,,4.0,,,0.0,1.0,1.0,4.0,0.0,2
496,31.0,,,3.0,,1.0,1.0,4.0,0.0,2
497,26.0,4.0,4.0,1.0,0.0,1.0,2.0,4.0,0.0,2
498,,,4.0,5.0,1.0,0.0,1.0,4.0,0.0,2
499,29.0,4.0,4.0,1.0,1.0,0.0,2.0,4.0,0.0,2
500,36.0,2.0,1.0,6.0,1.0,1.0,2.0,,0.0,2
501,29.0,4.0,4.0,2.0,1.0,0.0,1.0,3.0,0.0,2
502,37.0,2.0,3.0,7.0,,,3.0,4.0,,2
503,28.0,3.0,3.0,3.0,1.0,1.0,1.0,2.0,0.0,2
504,40.0,2.0,3.0,6.0,1.0,1.0,1.0,2.0,0.0,2
505,33.0,4.0,,4.0,1.0,1.0,1.0,4.0,0.0,2
506,22.0,4.0,4.0,1.0,1.0,1.0,,,0.0,2
507,35.0,3.0,4.0,5.0,1.0,0.0,1.0,3.0,1.0,2
508,32.0,4.0,4.0,3.0,0.0,1.0,3.0,3.0,0.0,2
509,35.0,4.0,,5.0,1.0,0.0,1.0,3.0,0.0,2
510,29.0,4.0,4.0,2.0,1.0,1.0,1.0,4.0,0.0,2
511,23.0,3.0,3.0,2.0,1.0,0.0,3.0,4.0,0.0,2
512,35.0,4.0,4.0,2.0,,,1.0,,0.0,2
513,36.0,4.0,4.0,3.0,1.0,,2.0,4.0,0.0,2
514,32.0,4.0,4.0,2.0,1.0,,1.0,4.0,0.0,2
515,30.0,4.0,,4.0,1.0,1.0,3.0,,0.0,2
516,36.0,4.0,4.0,4.0,0.0,1.0,2.0,,0.0,2
517,33.0,4.0,4.0,,1.0,,3.0,4.0,0.0,2
518,33.0,,4.0,5.0,0.0,1.0,3.0,3.0,0.0,2
519,43.0,2.0,4.0,13.0,1.0,1.0,2.0,3.0,0.0,2
520,35.0,3.0,3.0,6.0,1.0,1.0,2.0,3.0,,2
521,38.0,4.0,4.0,,1.0,1.0,1.0,3.0,0.0,2
522,25.0,3.0,1.0,4.0,1.0,1.0,,1.0,0.0,2
523,26.0,3.0,3.0,2.0,1.0,1.0,3.0,2.0,0.0,2
524,24.0,4.0,,1.0,1.0,1.0,3.0,4.0,0.0,2
525,22.0,3.0,4.0,,1.0,1.0,4.0,4.0,,2
526,33.0,2.0,3.0,5.0,1.0,0.0,2.0,1.0,0.0,2
527,45.0,3.0,3.0,7.0,1.0,,3.0,4.0,0.0,2
528,29.0,4.0,4.0,2.0,,0.0,1.0,3.0,0.0,2
529,,2.0,2.0,,1.0,1.0,2.0,,0.0,2
530,36.0,3.0,2.0,6.0,1.0,1.0,3.0,2.0,0.0,2
531,45.0,3.0,3.0,8.0,1.0,1.0,2.0,3.0,0.0,2
532,47.0,4.0,4.0,,1.0,0.0,1.0,4.0,0.0,2
533,43.0,,4.0,2.0,,0.0,2.0,4.0,0.0,2
534,44.0,4.0,4.0,7.0,1.0,1.0,,2.0,0.0,2
535,24.0,,4.0,,1.0,1.0,3.0,3.0,0.0,2
536,28.0,4.0,4.0,2.0,,0.0,1.0,3.0,,2
537,34.0,4.0,4.0,5.0,,,3.0,4.0,0.0,2
538,31.0,3.0,4.0,4.0,1.0,1.0,1.0,3.0,0.0,2
539,27.0,4.0,4.0,,1.0,1.0,1.0,4.0,0.0,2
540,,3.0,3.0,1.0,1.0,0.0,3.0,,0.0,2
541,26.0,4.0,4.0,1.0,1.0,0.0,1.0,3.0,0.0,2
542,36.0,3.0,4.0,7.0,1.0,,2.0,2.0,0.0,2
543,,4.0,4.0,4.0,0.0,1.0,3.0,3.0,0.0,2
544,38.0,4.0,4.0,6.0,1.0,1.0,3.0,3.0,0.0,2
545,,4.0,,7.0,1.0,1.0,2.0,4.0,0.0,2
546,25.0,4.0,4.0,1.0,1.0,1.0,1.0,4.0,0.0,2
547,25.0,,4.0,2.0,0.0,1.0,1.0,,0.0,2
548,41.0,4.0,4.0,,1.0,1.0,1.0,4.0,0.0,2
549,41.0,3.0,4.0,5.0,1.0,1.0,1.0,3.0,0.0,2
550,24.0,4.0,4.0,1.0,1.0,0.0,1.0,4.0,0.0,2
551,33.0,,4.0,3.0,1.0,1.0,3.0,3.0,0.0,2
552,29.0,4.0,4.0,3.0,1.0,0.0,3.0,3.0,0.0,2
553,47.0,4.0,4.0,4.0,,0.0,1.0,4.0,0.0,2
554,28.0,4.0,4.0,4.0,1.0,1.0,1.0,3.0,0.0,2
555,21.0,2.0,2.0,1.0,1.0,1.0,3.0,2.0,0.0,2
556,32.0,3.0,3.0,6.0,1.0,0.0,3.0,3.0,0.0,2
557,30.0,3.0,4.0,2.0,1.0,1.0,,4.0,0.0,2
558,37.0,4.0,4.0,5.0,1.0,1.0,3.0,4.0,,2
559,29.0,4.0,3.0,4.0,1.0,0.0,3.0,2.0,0.0,2
560,38.0,4.0,4.0,3.0,1.0,0.0,1.0,4.0,0.0,2
561,49.0,3.0,3.0,11.0,1.0,1.0,1.0,4.0,0.0,2
562,41.0,3.0,3.0,5.0,1.0,1.0,1.0,4.0,0.0,2
563,,3.0,4.0,5.0,1.0,1.0,3.0,,1.0,2
564,47.0,1.0,1.0,10.0,1.0,,,3.0,0.0,2
565,22.0,4.0,4.0,1.0,1.0,1.0,1.0,3.0,0.0,2
566,27.0,4.0,4.0,1.0,0.0,0.0,1.0,4.0,0.0,2
567,34.0,,4.0,2.0,0.0,1.0,2.0,3.0,0.0,2
568,42.0,3.0,3.0,4.0,1.0,1.0,2.0,,0.0,2
569,39.0,4.0,4.0,3.0,0.0,0.0,1.0,4.0,0.0,2
570,,4.0,4.0,3.0,0.0,1.0,2.0,4.0,0.0,2
571,21.0,4.0,4.0,1.0,1.0,1.0,2.0,1.0,0.0,2
572,36.0,3.0,4.0,4.0,,0.0,2.0,4.0,0.0,2
573,,2.0,,1.0,1.0,0.0,4.0,4.0,0.0,2
574,41.0,4.0,4.0,4.0,0.0,0.0,2.0,4.0,0.0,2
575,32.0,,,4.0,0.0,0.0,2.0,4.0,0.0,2
576,41.0,4.0,4.0,4.0,0.0,,2.0,4.0,0.0,2
577,,,4.0,3.0,0.0,,1.0,4.0,0.0,2
578,35.0,4.0,4.0,3.0,1.0,1.0,2.0,3.0,0.0,2
579,24.0,4.0,4.0,2.0,1.0,0.0,1.0,3.0,0.0,2
580,43.0,4.0,4.0,6.0,1.0,1.0,1.0,4.0,0.0,2
581,,4.0,4.0,7.0,0.0,1.0,1.0,4.0,0.0,2
582,28.0,4.0,4.0,2.0,1.0,1.0,1.0,3.0,0.0,2
583,24.0,4.0,4.0,1.0,1.0,1.0,1.0,4.0,0.0,2
584,42.0,,4.0,3.0,1.0,0.0,1.0,4.0,,2
585,39.0,4.0,4.0,3.0,1.0,1.0,1.0,,0.0,2
586,24.0,4.0,4.0,1.0,1.0,1.0,1.0,4.0,0.0,2
587,33.0,4.0,3.0,,1.0,1.0,2.0,4.0,0.0,2
588,29.0,4.0,4.0,2.0,1.0,1.0,3.0,4.0,0.0,2
589,44.0,4.0,4.0,5.0,1.0,1.0,,4.0,0.0,2
590,17.0,4.0,4.0,1.0,1.0,1.0,2.0,4.0,,2
591,35.0,3.0,4.0,3.0,,,2.0,2.0,0.0,2
592,,3.0,4.0,5.0,1.0,1.0,1.0,2.0,0.0,2
593,27.0,4.0,4.0,2.0,1.0,,1.0,3.0,0.0,2
594,,4.0,4.0,4.0,1.0,1.0,1.0,4.0,0.0,2
595,42.0,4.0,,5.0,1.0,1.0,1.0,4.0,0.0,2
596,40.0,4.0,4.0,,1.0,1.0,,3.0,0.0,2
597,44.0,4.0,4.0,3.0,,1.0,1.0,4.0,0.0,2
598,33.0,4.0,4.0,5.0,1.0,1.0,2.0,,0.0,2
599,35.0,2.0,4.0,3.0,0.0,0.0,,4.0,1.0,2
600,31.0,4.0,2.0,,0.0,,1.0,3.0,0.0,2
601,37.0,4.0,4.0,3.0,0.0,1.0,3.0,4.0,0.0,2
602,45.0,4.0,4.0,,0.0,1.0,2.0,4.0,0.0,2
603,26.0,4.0,4.0,2.0,0.0,,1.0,4.0,0.0,2
604,40.0,3.0,4.0,2.0,0.0,1.0,3.0,,0.0,2
605,30.0,4.0,,1.0,0.0,1.0,2.0,4.0,0.0,2
606,,,4.0,3.0,0.0,0.0,3.0,4.0,0.0,2
607,,3.0,4.0,3.0,0.0,1.0,2.0,4.0,0.0,2
608,41.0,4.0,4.0,5.0,0.0,1.0,2.0,,0.0,2
609,45.0,3.0,3.0,6.0,0.0,1.0,2.0,,0.0,2
610,48.0,4.0,4.0,6.0,0.0,1.0,2.0,4.0,0.0,2
611,35.0,4.0,4.0,3.0,0.0,0.0,3.0,4.0,0.0,2
612,37.0,4.0,4.0,,0.0,0.0,2.0,4.0,0.0,2
613,46.0,4.0,4.0,3.0,0.0,0.0,1.0,4.0,0.0,2
614,38.0,4.0,4.0,4.0,0.0,1.0,3.0,4.0,0.0,2
615,30.0,3.0,4.0,7.0,1.0,1.0,2.0,4.0,0.0,2
616,42.0,4.0,,7.0,1.0,0.0,1.0,,0.0,2
617,35.0,2.0,2.0,6.0,1.0,,3.0,4.0,0.0,2
618,34.0,4.0,4.0,6.0,1.0,,3.0,4.0,0.0,2
619,37.0,4.0,4.0,4.0,1.0,1.0,1.0,4.0,0.0,2
620,38.0,4.0,4.0,6.0,1.0,1.0,1.0,4.0,0.0,2
621,30.0,3.0,3.0,2.0,1.0,,2.0,,0.0,2
622,46.0,4.0,,4.0,1.0,1.0,1.0,,0.0,2
623,31.0,4.0,4.0,3.0,0.0,1.0,2.0,4.0,0.0,2
624,,4.0,4.0,6.0,,1.0,1.0,4.0,0.0,2
625,,4.0,4.0,7.0,1.0,1.0,2.0,4.0,0.0,2
626,32.0,4.0,,2.0,0.0,0.0,2.0,4.0,0.0,2
627,44.0,4.0,4.0,4.0,1.0,1.0,1.0,,0.0,2
628,39.0,4.0,4.0,4.0,0.0,1.0,1.0,4.0,0.0,2
629,39.0,4.0,4.0,5.0,1.0,1.0,1.0,4.0,0.0,2
630,45.0,4.0,4.0,4.0,1.0,1.0,1.0,4.0,0.0,2
631,33.0,4.0,4.0,3.0,1.0,1.0,1.0,4.0,0.0,2
632,39.0,,4.0,3.0,0.0,1.0,,4.0,0.0,2
633,,4.0,4.0,3.0,1.0,0.0,1.0,4.0,0.0,2
634,34.0,3.0,3.0,6.0,1.0,1.0,3.0,4.0,0.0,2
635,33.0,3.0,3.0,5.0,1.0,1.0,3.0,4.0,,2
636,34.0,,2.0,8.0,1.0,1.0,2.0,2.0,0.0,2
637,27.0,3.0,2.0,5.0,1.0,,2.0,4.0,0.0,2
638,,1.0,,8.0,1.0,1.0,3.0,4.0,1.0,2
639,25.0,,4.0,3.0,1.0,1.0,1.0,4.0,1.0,2
640,24.0,3.0,4.0,5.0,1.0,1.0,1.0,2.0,1.0,2
641,41.0,4.0,,4.0,1.0,0.0,,4.0,0.0,2
642,29.0,3.0,3.0,4.0,1.0,1.0,3.0,,0.0,3
643,,2.0,2.0,5.0,1.0,1.0,3.0,1.0,0.0,3
644,40.0,3.0,4.0,5.0,1.0,1.0,1.0,,0.0,3
645,30.0,2.0,2.0,6.0,1.0,1.0,3.0,1.0,0.0,3
646,24.0,4.0,,1.0,1.0,0.0,1.0,4.0,0.0,3
647,36.0,4.0,4.0,2.0,1.0,,1.0,4.0,0.0,3
648,17.0,2.0,2.0,1.0,1.0,1.0,3.0,2.0,0.0,3
649,28.0,1.0,2.0,,,,2.0,,0.0,3
650,27.0,2.0,4.0,1.0,1.0,1.0,1.0,4.0,0.0,3
651,21.0,,3.0,1.0,1.0,1.0,3.0,3.0,,3
652,30.0,2.0,2.0,4.0,1.0,1.0,,4.0,0.0,3
653,48.0,4.0,4.0,16.0,1.0,1.0,1.0,,0.0,3
654,29.0,2.0,4.0,3.0,1.0,0.0,3.0,3.0,0.0,3
655,29.0,4.0,,2.0,1.0,1.0,3.0,4.0,0.0,3
656,20.0,3.0,4.0,2.0,1.0,,1.0,3.0,0.0,3
657,28.0,,4.0,,1.0,1.0,3.0,,0.0,3
658,32.0,2.0,,5.0,1.0,0.0,2.0,3.0,0.0,3
659,27.0,3.0,3.0,1.0,1.0,0.0,,3.0,0.0,3
660,25.0,2.0,3.0,1.0,1.0,1.0,,1.0,0.0,3
661,43.0,4.0,4.0,3.0,1.0,1.0,1.0,4.0,0.0,3
662,35.0,4.0,,2.0,1.0,1.0,2.0,4.0,0.0,3
663,,4.0,4.0,1.0,1.0,1.0,1.0,4.0,0.0,3
664,29.0,1.0,4.0,3.0,1.0,1.0,4.0,4.0,1.0,3
665,33.0,3.0,4.0,8.0,,1.0,3.0,4.0,0.0,3
666,37.0,,4.0,5.0,1.0,0.0,2.0,4.0,0.0,3
667,27.0,2.0,,3.0,1.0,1.0,4.0,4.0,0.0,3
668,33.0,2.0,4.0,3.0,1.0,1.0,2.0,4.0,,3
669,35.0,2.0,3.0,6.0,1.0,0.0,,3.0,,3
670,20.0,3.0,3.0,2.0,1.0,1.0,2.0,4.0,0.0,3
671,,2.0,4.0,3.0,1.0,1.0,3.0,,0.0,3
672,24.0,,3.0,2.0,1.0,1.0,,3.0,0.0,3
673,45.0,1.0,3.0,3.0,1.0,1.0,3.0,2.0,0.0,3
674,34.0,3.0,4.0,4.0,1.0,1.0,1.0,,0.0,3
675,49.0,4.0,3.0,,1.0,1.0,1.0,4.0,0.0,3
676,33.0,4.0,4.0,5.0,1.0,1.0,1.0,4.0,0.0,3
677,33.0,3.0,3.0,8.0,1.0,1.0,3.0,4.0,,3
678,24.0,3.0,4.0,3.0,1.0,1.0,,4.0,0.0,3
679,30.0,2.0,,4.0,1.0,1.0,2.0,1.0,0.0,3
680,27.0,2.0,4.0,4.0,1.0,1.0,2.0,1.0,0.0,3
681,23.0,4.0,3.0,1.0,1.0,1.0,,2.0,0.0,3
682,35.0,4.0,4.0,4.0,1.0,1.0,1.0,4.0,0.0,3
683,35.0,4.0,4.0,1.0,0.0,1.0,1.0,4.0,0.0,3
684,40.0,4.0,,2.0,0.0,0.0,1.0,4.0,0.0,3
685,29.0,3.0,3.0,1.0,1.0,,,,0.0,3
686,33.0,3.0,3.0,3.0,1.0,1.0,3.0,3.0,0.0,3
687,36.0,4.0,4.0,,0.0,1.0,1.0,2.0,1.0,3
688,36.0,4.0,,,0.0,1.0,1.0,4.0,0.0,3
689,41.0,4.0,4.0,,1.0,1.0,3.0,3.0,0.0,3
690,38.0,3.0,4.0,,,1.0,3.0,2.0,0.0,3
691,29.0,2.0,4.0,3.0,1.0,1.0,3.0,3.0,0.0,3
692,19.0,,4.0,1.0,1.0,1.0,1.0,3.0,0.0,3
693,34.0,2.0,3.0,2.0,1.0,1.0,2.0,3.0,0.0,3
694,26.0,,4.0,3.0,1.0,1.0,3.0,,0.0,3
695,,4.0,4.0,1.0,1.0,1.0,2.0,3.0,0.0,3
696,42.0,,4.0,7.0,1.0,1.0,2.0,4.0,0.0,3
697,,3.0,4.0,2.0,1.0,,3.0,2.0,0.0,3
698,27.0,4.0,4.0,2.0,1.0,1.0,1.0,,0.0,3
699,39.0,4.0,3.0,1.0,1.0,0.0,2.0,2.0,,3
700,21.0,4.0,4.0,1.0,1.0,1.0,3.0,1.0,0.0,3
701,36.0,2.0,3.0,7.0,1.0,1.0,3.0,3.0,0.0,3
702,29.0,1.0,2.0,5.0,1.0,0.0,1.0,2.0,0.0,3
703,29.0,2.0,3.0,4.0,1.0,1.0,2.0,1.0,0.0,3
704,22.0,3.0,2.0,2.0,1.0,1.0,2.0,1.0,0.0,3
705,20.0,2.0,3.0,1.0,1.0,1.0,2.0,1.0,0.0,3
706,33.0,3.0,4.0,4.0,1.0,0.0,2.0,4.0,0.0,3
707,27.0,3.0,3.0,3.0,1.0,1.0,2.0,3.0,0.0,3
708,25.0,4.0,4.0,3.0,1.0,1.0,1.0,4.0,0.0,3
709,25.0,,3.0,2.0,1.0,,,3.0,0.0,3
710,32.0,2.0,3.0,4.0,1.0,,,2.0,0.0,3
711,39.0,3.0,4.0,2.0,1.0,1.0,1.0,,0.0,3
712,31.0,3.0,3.0,3.0,1.0,1.0,2.0,1.0,1.0,3
713,26.0,,4.0,4.0,1.0,1.0,3.0,4.0,0.0,3
714,30.0,3.0,3.0,7.0,1.0,1.0,3.0,4.0,0.0,3
715,43.0,3.0,3.0,5.0,1.0,,3.0,3.0,0.0,3
716,34.0,2.0,4.0,,1.0,1.0,3.0,3.0,0.0,3
717,,4.0,4.0,3.0,,1.0,1.0,4.0,,3
718,32.0,4.0,4.0,3.0,0.0,1.0,1.0,4.0,0.0,3
719,41.0,,4.0,5.0,,1.0,1.0,4.0,0.0,3
720,32.0,4.0,,3.0,,1.0,1.0,4.0,0.0,3
721,46.0,4.0,,4.0,,1.0,1.0,4.0,0.0,3
722,40.0,3.0,4.0,3.0,1.0,0.0,,,0.0,3
723,21.0,4.0,4.0,1.0,1.0,1.0,2.0,3.0,0.0,3
724,32.0,4.0,4.0,3.0,,1.0,1.0,4.0,0.0,3
725,25.0,4.0,4.0,1.0,0.0,1.0,3.0,,,3
726,24.0,4.0,4.0,1.0,1.0,1.0,1.0,3.0,0.0,3
727,21.0,2.0,3.0,1.0,1.0,0.0,3.0,2.0,0.0,3
728,22.0,4.0,4.0,1.0,1.0,1.0,3.0,3.0,0.0,3
729,32.0,4.0,4.0,4.0,1.0,1.0,1.0,,0.0,3
730,30.0,4.0,4.0,2.0,1.0,0.0,2.0,2.0,0.0,3
731,25.0,1.0,2.0,,1.0,1.0,2.0,1.0,,3
732,31.0,3.0,,6.0,0.0,,3.0,1.0,0.0,3
733,19.0,2.0,4.0,1.0,1.0,1.0,2.0,3.0,,3
734,33.0,2.0,,7.0,1.0,0.0,2.0,,0.0,3
735,24.0,2.0,2.0,2.0,1.0,1.0,3.0,4.0,,3
736,19.0,3.0,3.0,3.0,1.0,1.0,2.0,3.0,0.0,3
737,27.0,2.0,2.0,5.0,1.0,1.0,3.0,3.0,0.0,3
738,32.0,4.0,4.0,2.0,0.0,0.0,1.0,4.0,0.0,3
739,32.0,4.0,4.0,2.0,,,1.0,,0.0,3
740,29.0,1.0,,5.0,,1.0,3.0,3.0,0.0,3
741,23.0,3.0,4.0,,1.0,1.0,2.0,3.0,0.0,3
742,34.0,2.0,4.0,7.0,,1.0,2.0,,0.0,3
743,27.0,,4.0,1.0,1.0,1.0,3.0,3.0,0.0,3
744,37.0,4.0,,4.0,1.0,1.0,3.0,2.0,0.0,3
745,26.0,3.0,4.0,4.0,1.0,,2.0,3.0,0.0,3
746,31.0,,3.0,7.0,,1.0,3.0,3.0,0.0,3
747,44.0,4.0,4.0,11.0,1.0,1.0,1.0,4.0,0.0,3
748,35.0,3.0,4.0,4.0,1.0,1.0,1.0,4.0,0.0,3
749,23.0,4.0,,2.0,1.0,1.0,3.0,4.0,,3
750,24.0,2.0,,2.0,1.0,1.0,1.0,4.0,0.0,3
751,24.0,4.0,4.0,2.0,1.0,,1.0,4.0,0.0,3
752,39.0,4.0,,3.0,1.0,,2.0,4.0,0.0,3
753,33.0,,,4.0,1.0,1.0,3.0,3.0,0.0,3
754,24.0,2.0,3.0,2.0,1.0,1.0,2.0,,0.0,3
755,35.0,,4.0,4.0,1.0,1.0,1.0,4.0,0.0,3
756,35.0,4.0,4.0,6.0,1.0,1.0,1.0,4.0,0.0,3
757,34.0,4.0,4.0,2.0,1.0,1.0,3.0,3.0,0.0,3
758,48.0,3.0,4.0,3.0,1.0,,2.0,3.0,0.0,3
759,28.0,4.0,4.0,1.0,1.0,1.0,1.0,3.0,0.0,3
760,26.0,4.0,4.0,1.0,1.0,1.0,3.0,3.0,,3
761,43.0,,,8.0,1.0,1.0,1.0,3.0,0.0,3
762,28.0,2.0,,5.0,1.0,0.0,,4.0,0.0,3
763,22.0,3.0,4.0,3.0,1.0,1.0,2.0,3.0,,3
764,26.0,3.0,3.0,3.0,1.0,1.0,3.0,3.0,0.0,3
765,30.0,3.0,4.0,,1.0,1.0,3.0,3.0,0.0,3
766,38.0,4.0,4.0,5.0,1.0,1.0,2.0,3.0,0.0,3
767,44.0,4.0,4.0,8.0,1.0,1.0,2.0,4.0,0.0,3
768,25.0,4.0,4.0,1.0,0.0,1.0,1.0,4.0,0.0,3
769,34.0,4.0,4.0,3.0,1.0,1.0,1.0,4.0,0.0,3
770,26.0,4.0,,3.0,1.0,1.0,3.0,,0.0,3
771,20.0,4.0,4.0,2.0,1.0,1.0,1.0,,0.0,3
772,39.0,4.0,4.0,2.0,0.0,1.0,1.0,3.0,0.0,3
773,27.0,3.0,,,1.0,1.0,3.0,3.0,0.0,3
774,32.0,4.0,4.0,,1.0,0.0,3.0,4.0,0.0,3
775,48.0,3.0,4.0,8.0,1.0,0.0,1.0,4.0,0.0,3
776,,,3.0,4.0,1.0,1.0,3.0,4.0,0.0,3
777,37.0,4.0,4.0,3.0,1.0,,1.0,4.0,0.0,3
778,,4.0,4.0,2.0,0.0,0.0,1.0,3.0,0.0,3
779,32.0,4.0,4.0,3.0,1.0,0.0,1.0,4.0,0.0,3
780,25.0,4.0,4.0,2.0,1.0,1.0,1.0,3.0,0.0,3
781,37.0,4.0,4.0,3.0,1.0,1.0,2.0,,0.0,3
782,40.0,4.0,4.0,4.0,1.0,1.0,1.0,,0.0,3
783,38.0,4.0,4.0,6.0,1.0,1.0,2.0,4.0,0.0,3
784,36.0,4.0,4.0,4.0,1.0,1.0,1.0,,0.0,3
785,27.0,3.0,3.0,3.0,1.0,1.0,2.0,2.0,0.0,3
786,22.0,1.0,3.0,2.0,1.0,1.0,3.0,,0.0,3
787,22.0,2.0,2.0,2.0,1.0,1.0,2.0,3.0,0.0,3
788,30.0,3.0,4.0,3.0,1.0,1.0,,3.0,0.0,3
789,20.0,2.0,2.0,2.0,,,3.0,2.0,1.0,3
790,34.0,4.0,4.0,2.0,1.0,1.0,,4.0,,3
791,31.0,3.0,4.0,5.0,1.0,,3.0,1.0,0.0,3
792,30.0,3.0,,3.0,,0.0,3.0,2.0,0.0,3
793,44.0,3.0,4.0,5.0,1.0,,1.0,4.0,0.0,3
794,,3.0,3.0,3.0,,0.0,2.0,1.0,0.0,3
795,,4.0,4.0,2.0,1.0,1.0,1.0,4.0,0.0,3
796,,,4.0,5.0,1.0,,2.0,4.0,0.0,3
797,27.0,4.0,4.0,1.0,0.0,0.0,1.0,3.0,0.0,3
798,29.0,3.0,3.0,,1.0,1.0,2.0,1.0,0.0,3
799,37.0,4.0,,3.0,1.0,1.0,2.0,4.0,0.0,3
800,32.0,,2.0,8.0,1.0,1.0,2.0,1.0,,3
801,21.0,2.0,2.0,1.0,,1.0,4.0,3.0,0.0,3
802,33.0,2.0,3.0,7.0,1.0,0.0,3.0,1.0,0.0,3
803,23.0,,3.0,2.0,1.0,1.0,3.0,1.0,0.0,3
804,36.0,,2.0,5.0,1.0,1.0,3.0,4.0,0.0,3
805,33.0,2.0,4.0,3.0,1.0,1.0,3.0,4.0,0.0,3
806,35.0,4.0,4.0,2.0,1.0,0.0,1.0,4.0,,3
807,25.0,2.0,,4.0,,1.0,3.0,3.0,0.0,3
808,29.0,2.0,4.0,4.0,1.0,0.0,2.0,4.0,0.0,3
809,23.0,3.0,3.0,,1.0,1.0,2.0,2.0,0.0,3
810,19.0,3.0,3.0,1.0,1.0,1.0,,1.0,,3
811,35.0,,2.0,6.0,1.0,1.0,2.0,2.0,1.0,3
812,25.0,3.0,3.0,3.0,1.0,1.0,3.0,2.0,0.0,3
813,40.0,,,6.0,1.0,1.0,1.0,,0.0,3
814,17.0,,,1.0,1.0,1.0,2.0,1.0,0.0,3
815,25.0,2.0,4.0,3.0,1.0,1.0,3.0,3.0,0.0,3
816,24.0,,3.0,1.0,1.0,1.0,3.0,2.0,0.0,3
817,,4.0,4.0,1.0,1.0,1.0,3.0,3.0,0.0,3
818,,2.0,4.0,3.0,1.0,1.0,3.0,2.0,0.0,3
819,,1.0,3.0,4.0,1.0,1.0,3.0,4.0,0.0,3
820,31.0,1.0,1.0,3.0,1.0,1.0,4.0,2.0,,3
821,26.0,3.0,4.0,2.0,1.0,1.0,3.0,3.0,0.0,3
822,28.0,3.0,4.0,2.0,1.0,1.0,2.0,3.0,0.0,3
823,30.0,3.0,3.0,3.0,1.0,1.0,3.0,1.0,,3
824,29.0,3.0,,5.0,1.0,1.0,,2.0,0.0,3
825,24.0,1.0,,4.0,,,3.0,3.0,0.0,3
826,,3.0,4.0,2.0,1.0,1.0,1.0,3.0,0.0,3
827,25.0,3.0,3.0,3.0,1.0,1.0,3.0,3.0,0.0,3
828,35.0,,4.0,3.0,,1.0,1.0,4.0,0.0,3
829,22.0,4.0,4.0,1.0,1.0,0.0,2.0,4.0,0.0,3
830,,4.0,4.0,1.0,1.0,1.0,2.0,4.0,0.0,3
831,29.0,2.0,,5.0,1.0,1.0,2.0,4.0,0.0,3
832,21.0,3.0,4.0,2.0,1.0,1.0,3.0,3.0,0.0,3
833,21.0,3.0,3.0,1.0,1.0,1.0,3.0,3.0,0.0,3
834,41.0,1.0,,9.0,1.0,1.0,2.0,1.0,0.0,3
835,37.0,2.0,4.0,3.0,1.0,1.0,2.0,,0.0,3
836,27.0,4.0,4.0,3.0,1.0,1.0,,4.0,1.0,3
837,26.0,2.0,3.0,2.0,1.0,1.0,,3.0,0.0,3
838,37.0,4.0,4.0,6.0,1.0,0.0,3.0,4.0,0.0,3
839,25.0,3.0,3.0,3.0,1.0,1.0,2.0,,0.0,3
840,32.0,4.0,3.0,3.0,1.0,1.0,2.0,,,3
841,34.0,1.0,4.0,4.0,,1.0,3.0,4.0,1.0,3
842,,4.0,,2.0,,,2.0,4.0,0.0,3
843,28.0,3.0,4.0,2.0,1.0,1.0,3.0,4.0,0.0,3
844,24.0,3.0,4.0,1.0,1.0,1.0,3.0,4.0,0.0,3
845,32.0,2.0,3.0,4.0,1.0,0.0,2.0,2.0,0.0,3
846,22.0,1.0,2.0,3.0,1.0,1.0,3.0,1.0,1.0,3
847,25.0,3.0,3.0,1.0,1.0,1.0,2.0,,,3
848,25.0,2.0,3.0,2.0,1.0,1.0,2.0,4.0,0.0,3
849,38.0,2.0,3.0,3.0,1.0,1.0,2.0,,0.0,3
850,33.0,2.0,,2.0,1.0,1.0,3.0,,0.0,3
851,41.0,4.0,4.0,8.0,1.0,1.0,1.0,4.0,0.0,3
852,,3.0,3.0,4.0,1.0,1.0,3.0,4.0,0.0,3
853,,3.0,4.0,1.0,1.0,0.0,1.0,4.0,0.0,3
854,29.0,3.0,3.0,6.0,1.0,1.0,3.0,3.0,0.0,3
855,26.0,3.0,,3.0,1.0,1.0,3.0,,0.0,3
856,28.0,,3.0,3.0,1.0,1.0,3.0,,0.0,3
857,27.0,4.0,,1.0,0.0,1.0,3.0,,0.0,3
858,29.0,2.0,4.0,2.0,1.0,1.0,3.0,2.0,0.0,3
859,24.0,3.0,4.0,2.0,1.0,1.0,3.0,,0.0,3
860,29.0,3.0,4.0,3.0,1.0,,3.0,2.0,0.0,3
861,38.0,3.0,4.0,7.0,,1.0,3.0,,0.0,3
862,23.0,3.0,2.0,2.0,1.0,0.0,3.0,2.0,0.0,3
863,20.0,4.0,3.0,1.0,1.0,1.0,3.0,4.0,0.0,3
864,32.0,1.0,4.0,4.0,1.0,1.0,3.0,2.0,0.0,3
865,25.0,2.0,3.0,2.0,,,3.0,1.0,0.0,3
866,26.0,1.0,2.0,3.0,1.0,0.0,3.0,2.0,0.0,3
867,23.0,1.0,2.0,3.0,1.0,1.0,3.0,2.0,1.0,3
868,23.0,4.0,4.0,3.0,1.0,1.0,3.0,3.0,0.0,3
869,28.0,,4.0,5.0,,,2.0,4.0,0.0,3
870,22.0,4.0,4.0,3.0,1.0,1.0,,2.0,0.0,3
871,28.0,2.0,4.0,4.0,1.0,1.0,3.0,4.0,0.0,3
872,26.0,3.0,3.0,3.0,1.0,1.0,3.0,3.0,0.0,3
873,26.0,,3.0,2.0,1.0,1.0,3.0,3.0,0.0,3
874,24.0,4.0,3.0,3.0,,1.0,3.0,3.0,,3
875,29.0,4.0,,3.0,1.0,0.0,1.0,4.0,0.0,3
876,29.0,3.0,4.0,4.0,1.0,0.0,,3.0,0.0,3
877,42.0,4.0,4.0,5.0,1.0,1.0,1.0,,0.0,3
878,,4.0,4.0,2.0,1.0,1.0,3.0,4.0,0.0,3
879,35.0,3.0,,,1.0,1.0,1.0,4.0,0.0,3
880,21.0,3.0,4.0,1.0,1.0,1.0,,2.0,0.0,3
881,21.0,1.0,3.0,1.0,1.0,1.0,3.0,3.0,1.0,3
882,22.0,3.0,4.0,1.0,1.0,1.0,3.0,3.0,0.0,3
883,,3.0,3.0,4.0,1.0,1.0,3.0,3.0,0.0,3
884,22.0,3.0,4.0,1.0,,0.0,1.0,4.0,,3
885,23.0,3.0,,1.0,1.0,1.0,3.0,3.0,0.0,3
886,28.0,3.0,3.0,,0.0,1.0,2.0,3.0,0.0,3
887,30.0,4.0,4.0,3.0,0.0,0.0,2.0,,0.0,3
888,25.0,3.0,4.0,3.0,1.0,0.0,3.0,4.0,0.0,3
889,33.0,4.0,4.0,,1.0,1.0,2.0,3.0,,3
890,33.0,3.0,,6.0,1.0,1.0,3.0,,0.0,3
891,30.0,4.0,4.0,,0.0,0.0,3.0,3.0,0.0,3
892,22.0,2.0,4.0,,1.0,1.0,3.0,3.0,0.0,3
893,38.0,3.0,3.0,2.0,,1.0,3.0,4.0,0.0,3
894,35.0,4.0,3.0,2.0,0.0,1.0,3.0,4.0,0.0,3
895,,2.0,2.0,4.0,0.0,1.0,3.0,2.0,0.0,3
896,39.0,4.0,4.0,2.0,0.0,1.0,3.0,4.0,0.0,3
897,47.0,4.0,3.0,4.0,1.0,1.0,1.0,3.0,0.0,3
898,38.0,4.0,4.0,2.0,1.0,0.0,1.0,4.0,0.0,3
899,43.0,,,5.0,1.0,1.0,1.0,4.0,0.0,3
900,21.0,3.0,3.0,,1.0,1.0,2.0,2.0,0.0,3
901,30.0,3.0,4.0,2.0,1.0,1.0,1.0,2.0,0.0,3
902,27.0,,4.0,2.0,,1.0,1.0,3.0,0.0,3
903,,4.0,,1.0,,1.0,3.0,,0.0,3
904,25.0,1.0,2.0,3.0,1.0,1.0,,3.0,0.0,3
905,22.0,1.0,,,1.0,1.0,3.0,2.0,0.0,3
906,28.0,4.0,4.0,4.0,1.0,1.0,2.0,3.0,0.0,3
907,25.0,3.0,3.0,2.0,1.0,1.0,,3.0,0.0,3
908,26.0,4.0,4.0,,,0.0,3.0,,0.0,3
909,31.0,3.0,3.0,3.0,1.0,1.0,3.0,1.0,1.0,3
910,32.0,1.0,3.0,4.0,1.0,1.0,3.0,,0.0,3
911,35.0,2.0,4.0,6.0,1.0,1.0,3.0,4.0,0.0,3
912,24.0,2.0,3.0,,1.0,,3.0,3.0,0.0,3
913,28.0,4.0,4.0,2.0,1.0,1.0,1.0,4.0,0.0,3
914,36.0,4.0,4.0,3.0,0.0,0.0,2.0,4.0,0.0,3
915,47.0,4.0,4.0,5.0,1.0,1.0,1.0,,0.0,3
916,26.0,4.0,4.0,2.0,1.0,0.0,1.0,4.0,,3
917,22.0,3.0,4.0,2.0,0.0,1.0,,4.0,0.0,3
918,30.0,4.0,4.0,2.0,1.0,1.0,,3.0,0.0,3
919,41.0,4.0,4.0,,1.0,1.0,1.0,,,3
920,19.0,4.0,4.0,1.0,1.0,1.0,3.0,2.0,0.0,3
921,45.0,3.0,4.0,2.0,0.0,1.0,3.0,3.0,0.0,3
922,35.0,1.0,2.0,5.0,1.0,1.0,2.0,2.0,1.0,3
923,21.0,2.0,2.0,1.0,1.0,1.0,3.0,2.0,0.0,3
924,,1.0,2.0,6.0,0.0,1.0,2.0,,0.0,3
925,32.0,,4.0,5.0,0.0,1.0,3.0,4.0,,3
926,46.0,2.0,3.0,6.0,0.0,0.0,3.0,4.0,0.0,3
927,41.0,1.0,2.0,6.0,,1.0,3.0,3.0,0.0,3
928,36.0,4.0,,3.0,0.0,1.0,3.0,4.0,0.0,3
929,37.0,3.0,4.0,3.0,0.0,1.0,,4.0,0.0,3
930,37.0,3.0,4.0,4.0,0.0,1.0,,4.0,0.0,3
931,35.0,4.0,4.0,3.0,,1.0,3.0,4.0,0.0,3
932,29.0,2.0,3.0,4.0,1.0,1.0,3.0,,,3
933,28.0,4.0,4.0,,0.0,1.0,2.0,4.0,0.0,3
934,46.0,4.0,4.0,,0.0,1.0,1.0,4.0,0.0,3
935,34.0,4.0,3.0,3.0,0.0,1.0,2.0,4.0,0.0,3
936,43.0,3.0,,2.0,0.0,0.0,3.0,4.0,0.0,3
937,28.0,4.0,4.0,3.0,0.0,0.0,3.0,4.0,0.0,3
938,28.0,3.0,3.0,3.0,1.0,0.0,2.0,4.0,0.0,3
939,34.0,4.0,4.0,6.0,1.0,1.0,2.0,2.0,0.0,3
940,27.0,2.0,4.0,,1.0,1.0,3.0,4.0,,3
941,36.0,1.0,3.0,6.0,1.0,1.0,3.0,2.0,0.0,3
942,17.0,2.0,2.0,0.0,1.0,0.0,,2.0,0.0,3
943,21.0,3.0,3.0,,1.0,1.0,3.0,2.0,0.0,3
944,25.0,2.0,2.0,1.0,,1.0,3.0,1.0,,3
945,23.0,,,2.0,1.0,0.0,3.0,2.0,0.0,3
946,25.0,2.0,2.0,1.0,1.0,1.0,3.0,3.0,0.0,3
947,35.0,1.0,2.0,4.0,1.0,,4.0,4.0,0.0,3
948,32.0,3.0,4.0,4.0,1.0,1.0,3.0,2.0,0.0,3
949,37.0,2.0,3.0,5.0,1.0,1.0,,2.0,0.0,3
950,31.0,3.0,4.0,,1.0,,3.0,3.0,0.0,3
951,25.0,,4.0,,1.0,,3.0,4.0,0.0,3
952,26.0,3.0,4.0,,1.0,1.0,2.0,,0.0,3
953,39.0,1.0,2.0,2.0,1.0,0.0,2.0,4.0,0.0,3
954,21.0,,3.0,2.0,1.0,1.0,,3.0,0.0,3
955,35.0,3.0,2.0,9.0,1.0,,,4.0,,3
956,20.0,2.0,2.0,1.0,1.0,1.0,3.0,2.0,0.0,3
957,40.0,2.0,3.0,5.0,1.0,1.0,3.0,3.0,,3
958,41.0,,3.0,7.0,0.0,1.0,2.0,4.0,0.0,3
959,36.0,2.0,4.0,8.0,1.0,1.0,1.0,4.0,0.0,3
960,40.0,2.0,4.0,3.0,0.0,1.0,3.0,,0.0,3
961,32.0,4.0,,3.0,1.0,0.0,1.0,4.0,,3
962,24.0,3.0,4.0,4.0,,1.0,,3.0,0.0,3
963,20.0,3.0,4.0,1.0,0.0,1.0,2.0,4.0,0.0,3
964,,4.0,4.0,4.0,1.0,0.0,1.0,4.0,0.0,3
965,22.0,2.0,2.0,3.0,1.0,0.0,3.0,3.0,0.0,3
966,30.0,3.0,3.0,4.0,1.0,0.0,2.0,,0.0,3
967,31.0,4.0,4.0,3.0,1.0,0.0,1.0,4.0,0.0,3
968,35.0,3.0,4.0,5.0,1.0,,1.0,4.0,0.0,3
969,38.0,4.0,4.0,,1.0,1.0,3.0,4.0,,3
970,31.0,4.0,4.0,,1.0,1.0,1.0,4.0,0.0,3
971,25.0,4.0,4.0,,1.0,1.0,2.0,,0.0,3
972,30.0,4.0,4.0,,1.0,1.0,,4.0,0.0,3
973,22.0,1.0,2.0,2.0,,1.0,3.0,4.0,0.0,3
974,31.0,4.0,4.0,3.0,1.0,1.0,1.0,4.0,0.0,3
975,29.0,,4.0,3.0,1.0,1.0,3.0,4.0,0.0,3
976,29.0,2.0,3.0,3.0,1.0,0.0,3.0,2.0,0.0,3
977,38.0,4.0,4.0,3.0,0.0,0.0,3.0,3.0,1.0,3
978,22.0,3.0,4.0,2.0,1.0,,,4.0,0.0,3
979,45.0,4.0,4.0,3.0,,1.0,1.0,4.0,0.0,3
980,26.0,3.0,,3.0,,1.0,,2.0,,3
981,37.0,,4.0,,0.0,1.0,3.0,,0.0,3
982,36.0,4.0,4.0,3.0,,1.0,2.0,4.0,0.0,3
983,,4.0,4.0,2.0,1.0,1.0,,4.0,0.0,3
984,32.0,4.0,4.0,3.0,1.0,0.0,1.0,4.0,0.0,3
985,35.0,4.0,4.0,4.0,0.0,0.0,1.0,4.0,0.0,3
986,25.0,4.0,,1.0,1.0,1.0,1.0,4.0,0.0,3
987,31.0,4.0,4.0,3.0,1.0,1.0,4.0,4.0,0.0,3
988,25.0,2.0,3.0,5.0,1.0,1.0,2.0,,0.0,3
989,26.0,3.0,2.0,5.0,1.0,1.0,,2.0,0.0,3
990,23.0,2.0,3.0,,1.0,1.0,2.0,3.0,0.0,3
991,28.0,,4.0,3.0,1.0,1.0,1.0,4.0,,3
992,34.0,3.0,4.0,3.0,0.0,,,4.0,0.0,3
993,46.0,3.0,4.0,9.0,1.0,1.0,3.0,4.0,0.0,3
994,25.0,4.0,4.0,1.0,1.0,1.0,1.0,4.0,0.0,3
995,21.0,2.0,1.0,3.0,1.0,0.0,3.0,1.0,1.0,3
996,,2.0,3.0,4.0,1.0,0.0,,2.0,0.0,3
997,28.0,2.0,3.0,6.0,1.0,,,4.0,0.0,3
998,,2.0,4.0,11.0,1.0,1.0,1.0,4.0,1.0,3
999,46.0,,2.0,9.0,1.0,0.0,3.0,4.0,1.0,3
1000,35.0,2.0,2.0,6.0,1.0,0.0,,,,1
1001,,3.0,2.0,11.0,1.0,1.0,2.0,3.0,0.0,1
1002,27.0,2.0,,1.0,1.0,0.0,1.0,,0.0,1
1003,25.0,4.0,4.0,0.0,1.0,,3.0,4.0,0.0,1
1004,23.0,2.0,2.0,2.0,,1.0,3.0,3.0,0.0,1
1005,48.0,1.0,,1.0,1.0,0.0,3.0,3.0,1.0,1
1006,23.0,4.0,4.0,,1.0,0.0,,4.0,0.0,1
1007,31.0,3.0,4.0,2.0,1.0,1.0,3.0,3.0,,1
1008,49.0,4.0,4.0,1.0,1.0,,3.0,4.0,0.0,1
1009,42.0,2.0,3.0,,1.0,1.0,1.0,4.0,0.0,1
1010,26.0,,4.0,3.0,1.0,1.0,3.0,4.0,,1
1011,,2.0,2.0,1.0,1.0,1.0,3.0,,,1
1012,29.0,3.0,4.0,4.0,1.0,1.0,1.0,4.0,0.0,1
1013,38.0,1.0,2.0,12.0,1.0,1.0,2.0,3.0,0.0,1
1014,25.0,4.0,,2.0,1.0,1.0,3.0,2.0,0.0,1
1015,22.0,4.0,4.0,0.0,1.0,1.0,3.0,2.0,,1
1016,20.0,3.0,4.0,0.0,1.0,1.0,3.0,3.0,0.0,1
1017,35.0,4.0,4.0,,1.0,1.0,1.0,3.0,0.0,1
1018,32.0,2.0,3.0,1.0,1.0,1.0,3.0,3.0,0.0,1
1019,38.0,2.0,,3.0,1.0,,,3.0,0.0,1
1020,,1.0,2.0,4.0,1.0,1.0,1.0,4.0,,1
1021,41.0,2.0,4.0,1.0,1.0,1.0,,,0.0,1
1022,28.0,3.0,4.0,0.0,1.0,0.0,1.0,3.0,0.0,1
1023,23.0,4.0,4.0,1.0,1.0,0.0,,3.0,,1
1024,27.0,4.0,4.0,,0.0,0.0,2.0,4.0,0.0,1
1025,33.0,4.0,4.0,2.0,0.0,,1.0,,0.0,1
1026,39.0,,2.0,5.0,1.0,,3.0,2.0,1.0,1
1027,41.0,2.0,2.0,5.0,0.0,1.0,2.0,2.0,0.0,1
1028,40.0,2.0,2.0,8.0,1.0,1.0,1.0,3.0,0.0,1
1029,43.0,3.0,4.0,10.0,1.0,1.0,3.0,3.0,,1
1030,35.0,,4.0,6.0,1.0,0.0,2.0,2.0,,1
1031,32.0,3.0,4.0,0.0,,1.0,,4.0,0.0,1
1032,49.0,2.0,3.0,4.0,1.0,,2.0,3.0,0.0,1
1033,47.0,2.0,2.0,4.0,1.0,1.0,3.0,1.0,0.0,1
1034,42.0,4.0,4.0,1.0,1.0,1.0,2.0,4.0,0.0,1
1035,48.0,4.0,4.0,4.0,0.0,1.0,1.0,4.0,,1
1036,42.0,4.0,,3.0,1.0,1.0,1.0,4.0,0.0,1
1037,37.0,4.0,,2.0,1.0,1.0,1.0,4.0,0.0,1
1038,23.0,3.0,3.0,1.0,1.0,0.0,2.0,4.0,0.0,1
1039,24.0,3.0,,0.0,1.0,,2.0,3.0,0.0,1
1040,43.0,2.0,3.0,3.0,0.0,1.0,2.0,3.0,0.0,1
1041,24.0,3.0,3.0,2.0,1.0,0.0,3.0,2.0,0.0,1
1042,29.0,2.0,4.0,0.0,1.0,0.0,3.0,4.0,0.0,1
1043,45.0,1.0,1.0,0.0,0.0,0.0,2.0,1.0,0.0,1
1044,31.0,,4.0,3.0,1.0,0.0,2.0,3.0,0.0,1
1045,44.0,1.0,4.0,9.0,1.0,1.0,1.0,2.0,0.0,1
1046,28.0,2.0,3.0,1.0,1.0,1.0,3.0,1.0,0.0,1
1047,28.0,3.0,,1.0,0.0,,2.0,2.0,0.0,1
1048,33.0,1.0,2.0,0.0,1.0,,3.0,3.0,,1
1049,43.0,,4.0,6.0,1.0,1.0,1.0,3.0,0.0,1
1050,34.0,3.0,4.0,4.0,1.0,1.0,1.0,3.0,0.0,1
1051,36.0,1.0,4.0,,1.0,1.0,2.0,2.0,0.0,1
1052,22.0,4.0,4.0,0.0,1.0,0.0,2.0,4.0,0.0,1
1053,35.0,2.0,3.0,8.0,,1.0,3.0,3.0,1.0,1
1054,25.0,4.0,4.0,1.0,,1.0,1.0,,0.0,1
1055,43.0,1.0,2.0,,1.0,1.0,2.0,2.0,1.0,1
1056,46.0,1.0,4.0,8.0,1.0,1.0,1.0,4.0,1.0,1
1057,27.0,3.0,4.0,,1.0,1.0,1.0,3.0,0.0,1
1058,30.0,1.0,1.0,7.0,,1.0,2.0,3.0,0.0,1
1059,25.0,4.0,4.0,1.0,1.0,1.0,,4.0,0.0,1
1060,42.0,4.0,4.0,,1.0,0.0,1.0,4.0,0.0,1
1061,30.0,1.0,3.0,,,1.0,3.0,4.0,0.0,1
1062,27.0,3.0,3.0,4.0,1.0,1.0,2.0,4.0,0.0,1
1063,45.0,2.0,3.0,11.0,1.0,1.0,2.0,3.0,0.0,1
1064,29.0,3.0,,2.0,,1.0,1.0,3.0,0.0,1
1065,36.0,1.0,4.0,1.0,,1.0,3.0,,0.0,1
1066,49.0,1.0,2.0,8.0,1.0,1.0,,1.0,1.0,1
1067,47.0,1.0,4.0,,1.0,1.0,2.0,3.0,0.0,1
1068,30.0,4.0,4.0,4.0,1.0,1.0,2.0,4.0,0.0,1
1069,24.0,2.0,3.0,2.0,1.0,1.0,3.0,1.0,0.0,1
1070,,1.0,1.0,6.0,1.0,1.0,2.0,3.0,1.0,1
1071,47.0,1.0,2.0,2.0,1.0,1.0,2.0,3.0,1.0,1
1072,24.0,3.0,4.0,1.0,,0.0,3.0,3.0,0.0,1
1073,48.0,3.0,4.0,5.0,1.0,1.0,2.0,3.0,0.0,1
1074,38.0,1.0,2.0,8.0,1.0,1.0,,3.0,1.0,1
1075,45.0,3.0,4.0,0.0,1.0,1.0,1.0,3.0,0.0,1
1076,43.0,,4.0,3.0,0.0,1.0,2.0,4.0,0.0,1
1077,33.0,1.0,,,1.0,1.0,3.0,,1.0,1
1078,37.0,3.0,4.0,7.0,1.0,1.0,3.0,4.0,,1
1079,36.0,2.0,1.0,6.0,,1.0,2.0,3.0,0.0,1
1080,25.0,3.0,4.0,3.0,1.0,1.0,1.0,1.0,0.0,1
1081,49.0,4.0,4.0,6.0,0.0,0.0,1.0,4.0,0.0,1
1082,30.0,4.0,4.0,1.0,1.0,0.0,1.0,,0.0,1
1083,35.0,4.0,4.0,5.0,1.0,,1.0,4.0,0.0,1
1084,28.0,2.0,4.0,0.0,1.0,1.0,3.0,1.0,0.0,1
1085,30.0,4.0,2.0,0.0,1.0,0.0,3.0,3.0,0.0,1
1086,27.0,4.0,4.0,2.0,1.0,0.0,1.0,4.0,0.0,1
1087,45.0,2.0,4.0,8.0,1.0,1.0,2.0,3.0,0.0,1
1088,46.0,3.0,1.0,5.0,1.0,1.0,3.0,2.0,0.0,1
1089,28.0,1.0,4.0,0.0,1.0,0.0,4.0,1.0,0.0,1
1090,21.0,2.0,4.0,0.0,1.0,1.0,2.0,2.0,0.0,1
1091,20.0,3.0,4.0,,1.0,1.0,,3.0,0.0,1
1092,28.0,3.0,,5.0,1.0,1.0,,3.0,0.0,1
1093,25.0,3.0,,1.0,1.0,1.0,2.0,2.0,0.0,1
1094,38.0,1.0,2.0,6.0,1.0,1.0,2.0,1.0,1.0,1
1095,20.0,3.0,4.0,1.0,1.0,1.0,3.0,2.0,0.0,1
1096,24.0,,4.0,2.0,1.0,1.0,2.0,4.0,0.0,1
1097,39.0,3.0,,1.0,1.0,,2.0,3.0,0.0,1
1098,,1.0,3.0,1.0,1.0,1.0,4.0,2.0,0.0,1
1099,,3.0,4.0,4.0,1.0,1.0,3.0,1.0,1.0,1
1100,24.0,4.0,4.0,1.0,1.0,0.0,1.0,3.0,,1
1101,26.0,4.0,4.0,3.0,1.0,1.0,1.0,,0.0,1
1102,20.0,3.0,,2.0,1.0,1.0,3.0,2.0,0.0,1
1103,31.0,3.0,3.0,,,0.0,3.0,4.0,0.0,1
1104,22.0,4.0,4.0,0.0,1.0,1.0,2.0,1.0,,1
1105,36.0,2.0,3.0,6.0,1.0,1.0,2.0,3.0,0.0,1
1106,45.0,3.0,4.0,,1.0,1.0,1.0,3.0,0.0,1
1107,47.0,2.0,2.0,7.0,1.0,1.0,2.0,2.0,0.0,1
1108,,2.0,3.0,1.0,,1.0,2.0,1.0,0.0,1
1109,35.0,4.0,4.0,3.0,1.0,1.0,1.0,4.0,0.0,1
1110,34.0,2.0,2.0,9.0,1.0,0.0,2.0,3.0,0.0,1
1111,28.0,4.0,4.0,1.0,1.0,0.0,1.0,3.0,0.0,1
1112,,3.0,,1.0,1.0,1.0,3.0,3.0,0.0,1
1113,,2.0,3.0,2.0,,1.0,,2.0,0.0,1
1114,27.0,3.0,4.0,0.0,1.0,0.0,,3.0,,1
1115,21.0,4.0,4.0,1.0,1.0,1.0,3.0,4.0,0.0,1
1116,19.0,4.0,4.0,1.0,1.0,1.0,1.0,3.0,0.0,1
1117,26.0,4.0,,0.0,1.0,1.0,3.0,,0.0,1
1118,28.0,4.0,4.0,5.0,1.0,1.0,1.0,4.0,0.0,1
1119,38.0,1.0,3.0,4.0,1.0,,2.0,2.0,0.0,1
1120,39.0,2.0,3.0,10.0,1.0,1.0,3.0,4.0,0.0,1
1121,45.0,2.0,3.0,6.0,1.0,1.0,3.0,2.0,,1
1122,30.0,3.0,4.0,4.0,0.0,1.0,2.0,3.0,0.0,1
1123,47.0,,4.0,2.0,1.0,1.0,3.0,2.0,1.0,1
1124,38.0,2.0,2.0,,1.0,1.0,3.0,,0.0,1
1125,42.0,3.0,3.0,,1.0,1.0,2.0,2.0,0.0,1
1126,31.0,4.0,4.0,,1.0,1.0,1.0,2.0,0.0,1
1127,44.0,1.0,,2.0,1.0,1.0,3.0,1.0,0.0,1
1128,,4.0,4.0,3.0,,,1.0,4.0,0.0,1
1129,28.0,4.0,4.0,2.0,1.0,1.0,1.0,3.0,0.0,1
1130,,2.0,4.0,6.0,1.0,0.0,,4.0,0.0,1
1131,45.0,,,7.0,1.0,0.0,1.0,3.0,0.0,1
1132,43.0,4.0,4.0,5.0,1.0,1.0,1.0,3.0,0.0,1
1133,28.0,3.0,4.0,,1.0,,3.0,4.0,0.0,1
1134,27.0,3.0,4.0,0.0,1.0,1.0,3.0,3.0,0.0,1
1135,26.0,2.0,3.0,1.0,1.0,0.0,4.0,4.0,,1
1136,26.0,3.0,4.0,1.0,0.0,1.0,2.0,2.0,0.0,1
1137,,3.0,4.0,4.0,1.0,0.0,,4.0,0.0,1
1138,48.0,3.0,4.0,11.0,1.0,1.0,,4.0,0.0,1
1139,47.0,2.0,,,1.0,,3.0,1.0,0.0,1
1140,22.0,2.0,4.0,1.0,,1.0,3.0,4.0,0.0,1
1141,48.0,4.0,,1.0,0.0,,1.0,4.0,0.0,1
1142,42.0,1.0,3.0,12.0,1.0,,2.0,4.0,,1
1143,,4.0,4.0,3.0,1.0,1.0,1.0,4.0,0.0,1
1144,,4.0,4.0,3.0,0.0,0.0,1.0,3.0,0.0,1
1145,45.0,4.0,4.0,1.0,1.0,0.0,1.0,4.0,0.0,1
1146,26.0,2.0,3.0,1.0,1.0,,3.0,4.0,,1
1147,45.0,4.0,4.0,1.0,,,1.0,4.0,0.0,1
1148,25.0,3.0,3.0,,1.0,0.0,2.0,4.0,0.0,1
1149,36.0,4.0,3.0,3.0,1.0,0.0,3.0,,0.0,1
1150,31.0,3.0,3.0,2.0,1.0,0.0,3.0,3.0,0.0,1
1151,,3.0,4.0,2.0,1.0,1.0,3.0,3.0,,1
1152,46.0,4.0,4.0,10.0,1.0,1.0,1.0,3.0,0.0,1
1153,26.0,2.0,3.0,3.0,,1.0,3.0,4.0,0.0,1
1154,25.0,3.0,2.0,1.0,,0.0,,3.0,0.0,1
1155,,4.0,4.0,0.0,0.0,0.0,2.0,4.0,0.0,1
1156,31.0,3.0,4.0,3.0,0.0,0.0,2.0,4.0,0.0,1
1157,36.0,3.0,3.0,3.0,0.0,0.0,2.0,,1.0,1
1158,47.0,3.0,2.0,,1.0,1.0,4.0,4.0,0.0,1
1159,43.0,3.0,4.0,2.0,0.0,1.0,3.0,4.0,,1
1160,20.0,3.0,4.0,0.0,1.0,1.0,3.0,3.0,0.0,1
1161,24.0,4.0,4.0,4.0,1.0,1.0,,4.0,0.0,1
1162,33.0,2.0,,3.0,0.0,0.0,2.0,4.0,0.0,1
1163,41.0,3.0,4.0,3.0,0.0,1.0,2.0,4.0,0.0,1
1164,48.0,3.0,4.0,4.0,0.0,1.0,2.0,4.0,0.0,1
1165,32.0,4.0,4.0,1.0,0.0,1.0,1.0,4.0,0.0,1
1166,38.0,3.0,,,0.0,0.0,3.0,2.0,1.0,1
1167,48.0,3.0,4.0,8.0,1.0,1.0,3.0,3.0,0.0,1
1168,34.0,1.0,,4.0,1.0,0.0,3.0,4.0,0.0,1
1169,31.0,1.0,1.0,6.0,1.0,1.0,3.0,2.0,,1
1170,46.0,1.0,2.0,7.0,1.0,1.0,3.0,1.0,1.0,1
1171,45.0,2.0,2.0,7.0,1.0,1.0,3.0,1.0,1.0,1
1172,34.0,,4.0,4.0,,1.0,3.0,1.0,1.0,1
1173,16.0,2.0,4.0,1.0,1.0,1.0,3.0,4.0,0.0,1
1174,18.0,3.0,2.0,1.0,,1.0,3.0,1.0,0.0,1
1175,22.0,2.0,2.0,,1.0,1.0,3.0,1.0,,1
1176,32.0,2.0,2.0,2.0,1.0,1.0,2.0,4.0,0.0,1
1177,41.0,1.0,3.0,3.0,1.0,,2.0,4.0,0.0,1
1178,22.0,3.0,3.0,2.0,1.0,,2.0,4.0,0.0,1
1179,23.0,3.0,2.0,0.0,1.0,1.0,2.0,2.0,0.0,1
1180,,3.0,4.0,0.0,1.0,0.0,3.0,4.0,0.0,1
1181,40.0,2.0,2.0,6.0,1.0,1.0,2.0,2.0,1.0,1
1182,29.0,3.0,4.0,1.0,0.0,1.0,2.0,3.0,0.0,1
1183,42.0,4.0,4.0,0.0,,0.0,3.0,4.0,0.0,1
1184,29.0,3.0,4.0,2.0,1.0,1.0,3.0,4.0,0.0,1
1185,,3.0,2.0,1.0,1.0,1.0,3.0,,,1
1186,,4.0,4.0,3.0,0.0,0.0,,4.0,0.0,1
1187,21.0,2.0,3.0,0.0,1.0,1.0,3.0,4.0,0.0,1
1188,26.0,4.0,,2.0,1.0,1.0,1.0,3.0,0.0,1
1189,37.0,3.0,4.0,0.0,1.0,1.0,3.0,4.0,0.0,1
1190,24.0,3.0,,2.0,1.0,1.0,2.0,2.0,0.0,1
1191,25.0,4.0,,0.0,0.0,1.0,2.0,4.0,0.0,1
1192,22.0,2.0,1.0,0.0,1.0,1.0,2.0,2.0,0.0,1
1193,45.0,4.0,4.0,1.0,1.0,1.0,,4.0,0.0,1
1194,47.0,4.0,4.0,1.0,1.0,1.0,1.0,4.0,,1
1195,28.0,,4.0,,1.0,0.0,3.0,4.0,0.0,1
1196,24.0,2.0,2.0,4.0,,1.0,3.0,4.0,0.0,1
1197,34.0,3.0,3.0,6.0,1.0,1.0,2.0,3.0,0.0,1
1198,47.0,2.0,3.0,5.0,1.0,1.0,1.0,1.0,0.0,1
1199,31.0,3.0,,2.0,1.0,1.0,1.0,,0.0,1
1200,26.0,1.0,,,1.0,1.0,3.0,1.0,0.0,1
1201,25.0,4.0,4.0,,,1.0,1.0,2.0,,1
1202,47.0,1.0,1.0,4.0,1.0,1.0,2.0,,0.0,1
1203,48.0,1.0,1.0,8.0,,1.0,1.0,1.0,,1
1204,38.0,2.0,2.0,10.0,1.0,1.0,,2.0,0.0,1
1205,32.0,1.0,3.0,4.0,1.0,1.0,2.0,2.0,1.0,1
1206,,1.0,2.0,2.0,1.0,1.0,2.0,4.0,0.0,1
1207,,4.0,4.0,3.0,1.0,1.0,1.0,4.0,0.0,1
1208,,1.0,,0.0,1.0,1.0,3.0,2.0,0.0,1
1209,46.0,4.0,4.0,6.0,1.0,1.0,1.0,4.0,0.0,1
1210,33.0,3.0,3.0,,1.0,1.0,3.0,4.0,0.0,1
1211,49.0,1.0,2.0,5.0,1.0,0.0,2.0,2.0,,1
1212,21.0,2.0,4.0,,1.0,1.0,3.0,2.0,,1
1213,31.0,4.0,4.0,0.0,0.0,,2.0,4.0,0.0,1
1214,42.0,4.0,4.0,,,1.0,3.0,4.0,0.0,2
1215,35.0,4.0,4.0,3.0,1.0,1.0,1.0,4.0,0.0,2
1216,31.0,4.0,4.0,4.0,1.0,1.0,3.0,3.0,0.0,2
1217,42.0,4.0,,6.0,1.0,1.0,1.0,3.0,0.0,2
1218,49.0,3.0,4.0,4.0,1.0,1.0,3.0,4.0,0.0,2
1219,21.0,4.0,4.0,1.0,1.0,1.0,,3.0,0.0,2
1220,28.0,,4.0,3.0,,,,4.0,0.0,2
1221,22.0,4.0,4.0,1.0,1.0,1.0,1.0,,0.0,2
1222,36.0,4.0,4.0,3.0,1.0,0.0,1.0,4.0,0.0,2
1223,45.0,2.0,2.0,9.0,1.0,1.0,3.0,3.0,0.0,2
1224,40.0,4.0,4.0,4.0,1.0,1.0,1.0,4.0,0.0,2
1225,30.0,,2.0,7.0,1.0,1.0,3.0,4.0,0.0,2
1226,35.0,4.0,4.0,5.0,1.0,0.0,1.0,4.0,0.0,2
1227,26.0,2.0,4.0,,1.0,1.0,1.0,4.0,0.0,2
1228,45.0,4.0,,3.0,1.0,,,4.0,0.0,2
1229,,3.0,3.0,2.0,1.0,1.0,3.0,4.0,0.0,2
1230,32.0,4.0,4.0,4.0,1.0,1.0,,2.0,0.0,2
1231,27.0,4.0,4.0,3.0,1.0,1.0,,,0.0,2
1232,28.0,4.0,4.0,2.0,0.0,,1.0,,,2
1233,,4.0,4.0,3.0,1.0,,2.0,1.0,0.0,2
1234,34.0,4.0,4.0,4.0,1.0,1.0,2.0,4.0,0.0,2
1235,26.0,3.0,4.0,3.0,1.0,1.0,2.0,3.0,0.0,2
1236,44.0,1.0,4.0,2.0,1.0,1.0,1.0,3.0,0.0,2
1237,,4.0,4.0,3.0,1.0,1.0,1.0,4.0,0.0,2
1238,26.0,3.0,,2.0,1.0,1.0,3.0,3.0,0.0,2
1239,41.0,4.0,4.0,8.0,,,1.0,4.0,0.0,2
1240,32.0,3.0,3.0,4.0,1.0,0.0,3.0,3.0,0.0,2
1241,23.0,3.0,1.0,1.0,1.0,0.0,3.0,,0.0,2
1242,38.0,,3.0,4.0,1.0,1.0,1.0,2.0,0.0,2
1243,22.0,4.0,4.0,,1.0,0.0,2.0,2.0,,2
1244,34.0,3.0,4.0,3.0,,1.0,,4.0,0.0,2
1245,38.0,3.0,4.0,7.0,0.0,1.0,2.0,3.0,0.0,2
1246,21.0,4.0,4.0,1.0,1.0,1.0,1.0,4.0,0.0,2
1247,,1.0,3.0,4.0,1.0,1.0,1.0,4.0,0.0,2
1248,44.0,3.0,3.0,9.0,1.0,1.0,1.0,1.0,0.0,2
1249,24.0,4.0,4.0,1.0,1.0,1.0,2.0,4.0,0.0,2
1250,27.0,4.0,4.0,1.0,1.0,0.0,3.0,3.0,0.0,2
1251,34.0,3.0,4.0,4.0,1.0,1.0,3.0,3.0,,2
1252,29.0,3.0,4.0,2.0,1.0,1.0,1.0,4.0,0.0,2
1253,26.0,4.0,4.0,1.0,1.0,0.0,2.0,3.0,0.0,2
1254,37.0,4.0,4.0,7.0,1.0,1.0,1.0,4.0,0.0,2
1255,,3.0,4.0,3.0,1.0,1.0,1.0,4.0,0.0,2
1256,47.0,4.0,4.0,4.0,0.0,1.0,,4.0,0.0,2
1257,41.0,4.0,4.0,3.0,1.0,,2.0,3.0,0.0,2
1258,29.0,3.0,4.0,3.0,1.0,1.0,,,0.0,2
1259,25.0,4.0,4.0,1.0,1.0,,,4.0,0.0,2
1260,33.0,,4.0,,0.0,0.0,1.0,3.0,0.0,2
1261,23.0,4.0,4.0,1.0,0.0,1.0,1.0,4.0,0.0,2
1262,32.0,4.0,4.0,,1.0,1.0,2.0,3.0,0.0,2
1263,45.0,4.0,4.0,3.0,1.0,1.0,1.0,4.0,0.0,2
1264,,4.0,4.0,4.0,1.0,1.0,1.0,,0.0,2
1265,35.0,2.0,4.0,4.0,0.0,1.0,3.0,,0.0,2
1266,37.0,4.0,4.0,3.0,1.0,,3.0,4.0,0.0,2
1267,35.0,4.0,,5.0,,1.0,2.0,4.0,0.0,2
1268,23.0,4.0,4.0,1.0,1.0,1.0,3.0,3.0,0.0,2
1269,38.0,,2.0,8.0,1.0,1.0,2.0,2.0,0.0,2
1270,41.0,4.0,4.0,,0.0,,2.0,4.0,0.0,2
1271,,1.0,2.0,9.0,1.0,0.0,3.0,1.0,,2
1272,29.0,4.0,,3.0,1.0,1.0,3.0,2.0,0.0,2
1273,26.0,3.0,3.0,2.0,1.0,1.0,1.0,3.0,0.0,2
1274,22.0,3.0,3.0,2.0,1.0,,3.0,,0.0,2
1275,30.0,2.0,3.0,5.0,1.0,1.0,3.0,1.0,1.0,2
1276,,4.0,4.0,3.0,1.0,1.0,3.0,3.0,0.0,2
1277,26.0,3.0,4.0,3.0,,1.0,1.0,4.0,0.0,2
1278,32.0,4.0,4.0,2.0,1.0,0.0,3.0,4.0,,2
1279,,,4.0,,,1.0,2.0,4.0,0.0,2
1280,,3.0,4.0,3.0,1.0,1.0,1.0,3.0,,2
1281,,4.0,4.0,5.0,1.0,1.0,1.0,3.0,0.0,2
1282,43.0,,3.0,6.0,1.0,0.0,3.0,2.0,0.0,2
1283,,3.0,4.0,6.0,1.0,1.0,3.0,2.0,0.0,2
1284,24.0,,4.0,2.0,1.0,1.0,2.0,4.0,0.0,2
1285,42.0,4.0,4.0,3.0,1.0,0.0,1.0,,0.0,2
1286,33.0,3.0,4.0,2.0,1.0,1.0,1.0,4.0,0.0,2
1287,24.0,4.0,4.0,,0.0,1.0,2.0,3.0,0.0,2
1288,28.0,3.0,4.0,2.0,0.0,1.0,2.0,3.0,0.0,2
1289,32.0,2.0,1.0,5.0,1.0,0.0,2.0,2.0,0.0,2
1290,26.0,2.0,,4.0,1.0,1.0,3.0,4.0,,2
1291,27.0,4.0,4.0,1.0,1.0,1.0,1.0,4.0,0.0,2
1292,,3.0,4.0,3.0,0.0,1.0,,4.0,0.0,2
1293,28.0,3.0,4.0,2.0,0.0,1.0,3.0,3.0,0.0,2
1294,23.0,4.0,4.0,1.0,1.0,0.0,3.0,4.0,0.0,2
1295,31.0,2.0,2.0,4.0,1.0,1.0,4.0,3.0,1.0,2
1296,33.0,,4.0,3.0,0.0,1.0,2.0,,0.0,2
1297,35.0,4.0,4.0,5.0,1.0,1.0,1.0,4.0,0.0,2
1298,39.0,3.0,4.0,5.0,1.0,1.0,3.0,4.0,0.0,2
1299,27.0,4.0,4.0,,1.0,1.0,1.0,3.0,0.0,2
1300,48.0,,4.0,3.0,0.0,1.0,,4.0,0.0,2
1301,25.0,3.0,1.0,2.0,1.0,0.0,3.0,4.0,0.0,2
1302,38.0,4.0,4.0,4.0,1.0,1.0,2.0,4.0,0.0,2
1303,,4.0,4.0,7.0,1.0,0.0,1.0,4.0,0.0,2
1304,34.0,4.0,4.0,4.0,1.0,,3.0,3.0,0.0,2
1305,36.0,3.0,3.0,4.0,1.0,1.0,1.0,3.0,0.0,2
1306,34.0,4.0,4.0,,1.0,0.0,3.0,4.0,0.0,2
1307,42.0,,4.0,4.0,0.0,0.0,2.0,4.0,,2
1308,45.0,,3.0,5.0,0.0,1.0,1.0,3.0,0.0,2
1309,37.0,,4.0,4.0,0.0,1.0,2.0,4.0,0.0,2
1310,38.0,4.0,4.0,3.0,0.0,0.0,2.0,4.0,0.0,2
1311,42.0,3.0,3.0,4.0,0.0,1.0,3.0,4.0,0.0,2
1312,42.0,,4.0,5.0,0.0,1.0,2.0,3.0,0.0,2
1313,,4.0,4.0,6.0,1.0,1.0,1.0,4.0,0.0,2
1314,43.0,4.0,4.0,5.0,0.0,1.0,,4.0,0.0,2
1315,34.0,,4.0,2.0,0.0,0.0,,2.0,0.0,2
1316,,2.0,3.0,1.0,0.0,1.0,2.0,4.0,0.0,2
1317,41.0,4.0,4.0,4.0,0.0,1.0,1.0,4.0,0.0,2
1318,,4.0,4.0,3.0,1.0,1.0,1.0,4.0,0.0,2
1319,34.0,1.0,2.0,5.0,1.0,1.0,3.0,4.0,0.0,2
1320,32.0,3.0,2.0,5.0,1.0,1.0,3.0,3.0,0.0,3
1321,34.0,3.0,3.0,6.0,1.0,1.0,1.0,4.0,,3
1322,24.0,4.0,,2.0,1.0,,3.0,,0.0,3
1323,,3.0,3.0,1.0,0.0,1.0,3.0,2.0,0.0,3
1324,38.0,4.0,3.0,9.0,1.0,1.0,3.0,3.0,0.0,3
1325,39.0,4.0,4.0,3.0,1.0,0.0,1.0,4.0,0.0,3
1326,35.0,2.0,2.0,6.0,,0.0,2.0,,1.0,3
1327,30.0,2.0,3.0,,1.0,1.0,,3.0,0.0,3
1328,17.0,,4.0,1.0,1.0,1.0,3.0,3.0,0.0,3
1329,32.0,2.0,4.0,3.0,1.0,1.0,3.0,4.0,0.0,3
1330,43.0,4.0,4.0,5.0,0.0,1.0,1.0,4.0,,3
1331,,2.0,2.0,4.0,1.0,1.0,3.0,3.0,,3
1332,,,2.0,3.0,,1.0,3.0,2.0,0.0,3
1333,26.0,2.0,4.0,3.0,1.0,1.0,1.0,3.0,0.0,3
1334,,3.0,,4.0,1.0,0.0,1.0,,0.0,3
1335,46.0,3.0,4.0,,,0.0,3.0,4.0,0.0,3
1336,,2.0,3.0,3.0,1.0,1.0,,3.0,0.0,3
1337,21.0,3.0,4.0,1.0,1.0,,3.0,4.0,0.0,3
1338,,,4.0,5.0,1.0,0.0,1.0,4.0,0.0,3
1339,24.0,4.0,4.0,2.0,1.0,1.0,3.0,3.0,0.0,3
1340,24.0,2.0,,3.0,1.0,1.0,3.0,3.0,0.0,3
1341,36.0,4.0,4.0,4.0,1.0,1.0,1.0,3.0,,3
1342,37.0,2.0,3.0,9.0,1.0,1.0,,,0.0,3
1343,37.0,3.0,,6.0,1.0,,3.0,,0.0,3
1344,37.0,3.0,3.0,11.0,1.0,1.0,1.0,2.0,0.0,3
1345,44.0,4.0,4.0,4.0,0.0,1.0,2.0,3.0,0.0,3
1346,35.0,2.0,3.0,6.0,1.0,,2.0,3.0,0.0,3
1347,25.0,,4.0,3.0,1.0,1.0,3.0,3.0,0.0,3
1348,,4.0,4.0,2.0,1.0,1.0,2.0,3.0,,3
1349,24.0,1.0,2.0,3.0,1.0,1.0,3.0,2.0,,3
1350,16.0,2.0,3.0,1.0,1.0,1.0,3.0,,0.0,3
1351,21.0,3.0,2.0,1.0,,1.0,3.0,1.0,1.0,3
1352,25.0,2.0,4.0,,1.0,1.0,2.0,4.0,0.0,3
1353,26.0,4.0,4.0,1.0,1.0,0.0,2.0,4.0,0.0,3
1354,43.0,4.0,,2.0,1.0,,1.0,4.0,,3
1355,,4.0,4.0,,1.0,1.0,1.0,4.0,0.0,3
1356,30.0,3.0,4.0,3.0,0.0,1.0,3.0,3.0,0.0,3
1357,30.0,2.0,3.0,3.0,1.0,,3.0,3.0,0.0,3
1358,26.0,,4.0,2.0,1.0,1.0,3.0,3.0,0.0,3
1359,29.0,2.0,4.0,4.0,1.0,1.0,,,0.0,3
1360,24.0,3.0,4.0,4.0,1.0,1.0,3.0,1.0,0.0,3
1361,29.0,3.0,3.0,2.0,1.0,1.0,,2.0,0.0,3
1362,29.0,1.0,2.0,1.0,1.0,1.0,,,0.0,3
1363,22.0,,4.0,1.0,1.0,1.0,2.0,4.0,,3
1364,30.0,3.0,3.0,4.0,,0.0,3.0,2.0,0.0,3
1365,24.0,4.0,4.0,1.0,1.0,1.0,2.0,3.0,,3
1366,25.0,,4.0,2.0,1.0,1.0,1.0,2.0,0.0,3
1367,44.0,4.0,4.0,,1.0,,,,,3
1368,28.0,2.0,3.0,3.0,,1.0,2.0,4.0,0.0,3
1369,22.0,3.0,3.0,1.0,1.0,1.0,3.0,,0.0,3
1370,30.0,2.0,2.0,6.0,1.0,0.0,2.0,3.0,0.0,3
1371,25.0,3.0,4.0,3.0,1.0,1.0,2.0,4.0,0.0,3
1372,25.0,4.0,4.0,2.0,1.0,1.0,3.0,3.0,0.0,3
1373,33.0,4.0,4.0,2.0,1.0,0.0,1.0,4.0,0.0,3
1374,33.0,3.0,3.0,4.0,1.0,,,3.0,0.0,3
1375,26.0,3.0,3.0,2.0,1.0,0.0,2.0,2.0,,3
1376,29.0,3.0,4.0,5.0,1.0,,3.0,3.0,0.0,3
1377,32.0,3.0,3.0,4.0,1.0,1.0,2.0,1.0,0.0,3
1378,30.0,4.0,4.0,1.0,1.0,0.0,3.0,2.0,0.0,3
1379,37.0,4.0,4.0,1.0,0.0,1.0,1.0,4.0,,3
1380,31.0,1.0,2.0,4.0,1.0,1.0,3.0,,0.0,3
1381,36.0,1.0,2.0,4.0,1.0,1.0,3.0,1.0,1.0,3
1382,36.0,,2.0,7.0,1.0,0.0,2.0,2.0,1.0,3
1383,26.0,3.0,4.0,2.0,1.0,0.0,2.0,4.0,,3
1384,36.0,4.0,,3.0,1.0,1.0,1.0,4.0,,3
1385,28.0,4.0,4.0,,1.0,1.0,2.0,4.0,0.0,3
1386,33.0,,4.0,5.0,1.0,1.0,3.0,,0.0,3
1387,25.0,,4.0,,1.0,0.0,2.0,4.0,0.0,3
1388,31.0,4.0,4.0,,0.0,1.0,,4.0,0.0,3
1389,38.0,4.0,4.0,4.0,1.0,0.0,1.0,4.0,0.0,3
1390,35.0,1.0,2.0,5.0,1.0,,3.0,3.0,0.0,3
1391,33.0,4.0,4.0,3.0,0.0,0.0,2.0,4.0,0.0,3
1392,30.0,2.0,2.0,2.0,1.0,1.0,3.0,,0.0,3
1393,20.0,3.0,3.0,2.0,1.0,1.0,2.0,2.0,1.0,3
1394,18.0,3.0,3.0,,1.0,1.0,,2.0,0.0,3
1395,30.0,3.0,2.0,3.0,1.0,,3.0,3.0,0.0,3
1396,35.0,2.0,3.0,6.0,1.0,,3.0,2.0,0.0,3
1397,22.0,3.0,3.0,2.0,1.0,1.0,3.0,1.0,0.0,3
1398,28.0,2.0,4.0,7.0,1.0,1.0,,3.0,0.0,3
1399,21.0,3.0,,1.0,1.0,1.0,3.0,1.0,0.0,3
1400,27.0,3.0,4.0,4.0,1.0,1.0,3.0,4.0,0.0,3
1401,30.0,3.0,4.0,3.0,1.0,1.0,3.0,3.0,0.0,3
1402,25.0,3.0,4.0,2.0,1.0,1.0,3.0,3.0,0.0,3
1403,26.0,4.0,4.0,3.0,1.0,1.0,3.0,2.0,0.0,3
1404,,2.0,4.0,5.0,1.0,1.0,1.0,4.0,0.0,3
1405,47.0,1.0,3.0,9.0,1.0,0.0,,,,3
1406,36.0,1.0,1.0,5.0,1.0,1.0,3.0,3.0,0.0,3
1407,36.0,2.0,3.0,,1.0,1.0,2.0,4.0,0.0,3
1408,36.0,4.0,,3.0,1.0,1.0,2.0,4.0,0.0,3
1409,28.0,4.0,4.0,4.0,1.0,1.0,,4.0,0.0,3
1410,21.0,4.0,4.0,2.0,1.0,,3.0,3.0,0.0,3
1411,25.0,4.0,4.0,2.0,1.0,1.0,2.0,3.0,0.0,3
1412,30.0,,4.0,3.0,,1.0,,4.0,0.0,3
1413,,3.0,3.0,3.0,,1.0,3.0,3.0,0.0,3
1414,23.0,4.0,3.0,2.0,,0.0,2.0,3.0,0.0,3
1415,36.0,3.0,4.0,9.0,1.0,1.0,,4.0,0.0,3
1416,,4.0,3.0,2.0,1.0,1.0,3.0,2.0,0.0,3
1417,46.0,2.0,2.0,5.0,1.0,1.0,2.0,4.0,0.0,3
1418,47.0,4.0,4.0,5.0,1.0,1.0,3.0,2.0,0.0,3
1419,41.0,1.0,4.0,5.0,1.0,0.0,2.0,4.0,0.0,3
1420,44.0,,4.0,5.0,1.0,,3.0,4.0,0.0,3
1421,34.0,2.0,3.0,3.0,0.0,1.0,3.0,2.0,1.0,3
1422,37.0,2.0,3.0,6.0,1.0,,3.0,4.0,0.0,3
1423,34.0,4.0,4.0,,0.0,1.0,1.0,4.0,0.0,3
1424,,2.0,4.0,2.0,,1.0,3.0,2.0,0.0,3
1425,33.0,2.0,3.0,,1.0,,,3.0,,3
1426,21.0,3.0,4.0,3.0,1.0,1.0,3.0,1.0,,3
1427,,,4.0,4.0,1.0,0.0,3.0,4.0,0.0,3
1428,41.0,4.0,3.0,5.0,1.0,0.0,3.0,4.0,0.0,3
1429,30.0,4.0,3.0,4.0,1.0,1.0,3.0,3.0,0.0,3
1430,32.0,2.0,4.0,5.0,1.0,,,4.0,0.0,3
1431,27.0,4.0,4.0,,0.0,0.0,2.0,4.0,0.0,3
1432,26.0,4.0,4.0,1.0,0.0,0.0,2.0,4.0,0.0,3
1433,42.0,4.0,4.0,5.0,0.0,1.0,2.0,4.0,0.0,3
1434,24.0,4.0,4.0,1.0,1.0,1.0,1.0,3.0,0.0,3
1435,37.0,4.0,4.0,6.0,1.0,1.0,1.0,4.0,,3
1436,30.0,2.0,3.0,5.0,1.0,0.0,3.0,4.0,0.0,3
1437,27.0,4.0,,1.0,1.0,1.0,1.0,4.0,0.0,3
1438,34.0,2.0,4.0,6.0,1.0,1.0,3.0,3.0,0.0,3
1439,32.0,3.0,4.0,5.0,0.0,1.0,1.0,4.0,0.0,3
1440,28.0,4.0,4.0,1.0,0.0,0.0,2.0,4.0,0.0,3
1441,29.0,3.0,3.0,1.0,0.0,0.0,2.0,4.0,,3
1442,42.0,4.0,4.0,3.0,0.0,1.0,2.0,4.0,0.0,3
1443,21.0,2.0,2.0,0.0,,1.0,4.0,4.0,0.0,3
1444,22.0,4.0,4.0,2.0,1.0,1.0,,4.0,0.0,3
1445,36.0,4.0,,3.0,0.0,1.0,3.0,4.0,0.0,3
1446,45.0,2.0,3.0,3.0,0.0,0.0,2.0,4.0,0.0,3
1447,34.0,4.0,4.0,2.0,0.0,0.0,2.0,4.0,0.0,3
1448,35.0,2.0,3.0,5.0,1.0,,3.0,3.0,0.0,3
1449,19.0,4.0,4.0,1.0,1.0,1.0,,3.0,0.0,3
1450,27.0,4.0,4.0,4.0,,1.0,3.0,,0.0,3
1451,37.0,2.0,4.0,4.0,1.0,0.0,,3.0,0.0,3
1452,26.0,3.0,,4.0,1.0,1.0,3.0,4.0,0.0,3
1453,28.0,1.0,3.0,5.0,1.0,1.0,3.0,4.0,0.0,3
1454,31.0,3.0,4.0,5.0,1.0,1.0,,4.0,0.0,3
1455,32.0,2.0,2.0,6.0,,1.0,2.0,,0.0,3
1456,40.0,2.0,2.0,4.0,0.0,0.0,2.0,4.0,0.0,3
1457,27.0,3.0,,5.0,1.0,,2.0,4.0,0.0,3
1458,27.0,2.0,2.0,3.0,1.0,1.0,2.0,2.0,1.0,3
1459,37.0,4.0,4.0,5.0,0.0,0.0,2.0,4.0,0.0,3
1460,22.0,4.0,3.0,,1.0,,2.0,2.0,0.0,3
1461,27.0,4.0,4.0,4.0,1.0,1.0,1.0,2.0,1.0,3
1462,21.0,4.0,4.0,1.0,0.0,,2.0,4.0,0.0,3
1463,30.0,1.0,3.0,2.0,1.0,1.0,3.0,4.0,0.0,3
1464,23.0,2.0,2.0,,1.0,1.0,2.0,4.0,0.0,3
1465,25.0,2.0,4.0,3.0,1.0,1.0,1.0,3.0,0.0,3
1466,42.0,,4.0,6.0,1.0,1.0,2.0,,0.0,3
1467,29.0,4.0,,3.0,1.0,1.0,1.0,4.0,0.0,3
1468,33.0,4.0,4.0,,1.0,0.0,2.0,4.0,0.0,3
1469,33.0,4.0,4.0,3.0,1.0,,1.0,4.0,0.0,3
1470,39.0,3.0,3.0,8.0,1.0,,1.0,4.0,0.0,3
1471,33.0,3.0,3.0,4.0,1.0,0.0,2.0,2.0,0.0,3
1472,17.0,3.0,3.0,1.0,1.0,1.0,2.0,4.0,,3